"lfdn";"duration";"group";"c_0002";"v_age";"v_gender";"v_education";"v_prolific_id";"v_birth_year";"v_solo_0";"v_solo_1";"v_solo_2";"v_solo_3";"v_solo_4";"v_solo_5";"v_solo_6";"v_solo_7";"v_solo_8";"v_solo_9";"v_solo_10";"v_solo_11";"v_solo_12";"v_solo_13";"v_solo_14";"v_solo_15";"v_solo_16";"v_solo_17";"v_solo_18";"v_solo_19";"v_group1_0";"v_group1_1";"v_group1_2";"v_group1_3";"v_group1_4";"v_group1_5";"v_group1_6";"v_group1_7";"v_group1_8";"v_group1_9";"v_group1_10";"v_group1_11";"v_group1_12";"v_group1_13";"v_group1_14";"v_group1_15";"v_group1_16";"v_group1_17";"v_group1_18";"v_group1_19";"v_group2_0";"v_group2_1";"v_group2_2";"v_group2_3";"v_group2_4";"v_group2_5";"v_group2_6";"v_group2_7";"v_group2_8";"v_group2_9";"v_group2_10";"v_group2_11";"v_group2_12";"v_group2_13";"v_group2_14";"v_group2_15";"v_group2_16";"v_group2_17";"v_group2_18";"v_group2_19";"v_group3_0";"v_group3_1";"v_group3_2";"v_group3_3";"v_group3_4";"v_group3_5";"v_group3_6";"v_group3_7";"v_group3_8";"v_group3_9";"v_group3_10";"v_group3_11";"v_group3_12";"v_group3_13";"v_group3_14";"v_group3_15";"v_group3_16";"v_group3_17";"v_group3_18";"v_group3_19"
"10";"889";"2";"82401";"41";"1";"1";"5ab15ab4c42b630001cd36fb";"1982";"1";"1";"1";"2";"1";"1";"1";"1";"1";"1";"2";"2";"2";"2";"2";"2";"2";"2";"2";"2";"-77";"-77";"-77";"-77";"-77";"-77";"-77";"-77";"-77";"-77";"-77";"-77";"-77";"-77";"-77";"-77";"-77";"-77";"-77";"-77";"1";"1";"1";"2";"1";"1";"1";"1";"1";"1";"2";"2";"2";"2";"2";"2";"2";"2";"2";"2";"-77";"-77";"-77";"-77";"-77";"-77";"-77";"-77";"-77";"-77";"-77";"-77";"-77";"-77";"-77";"-77";"-77";"-77";"-77";"-77"
"14";"1286";"1";"82687";"35";"1";"4";"5680a047c5767f00121cca5e";"1988";"1";"1";"1";"2";"1";"1";"1";"1";"1";"1";"2";"2";"2";"2";"2";"2";"2";"2";"2";"2";"1";"1";"1";"2";"1";"1";"1";"1";"1";"1";"2";"2";"2";"2";"2";"2";"2";"2";"2";"2";"-77";"-77";"-77";"-77";"-77";"-77";"-77";"-77";"-77";"-77";"-77";"-77";"-77";"-77";"-77";"-77";"-77";"-77";"-77";"-77";"-77";"-77";"-77";"-77";"-77";"-77";"-77";"-77";"-77";"-77";"-77";"-77";"-77";"-77";"-77";"-77";"-77";"-77";"-77";"-77"
"13";"766";"3";"82995";"29";"1";"1";"5f733312e59fd2000a74b8cf";"1994";"1";"1";"1";"2";"1";"1";"1";"1";"1";"1";"2";"2";"2";"2";"2";"2";"2";"1";"2";"2";"-77";"-77";"-77";"-77";"-77";"-77";"-77";"-77";"-77";"-77";"-77";"-77";"-77";"-77";"-77";"-77";"-77";"-77";"-77";"-77";"-77";"-77";"-77";"-77";"-77";"-77";"-77";"-77";"-77";"-77";"-77";"-77";"-77";"-77";"-77";"-77";"-77";"-77";"-77";"-77";"1";"1";"1";"2";"1";"1";"1";"1";"1";"1";"2";"2";"2";"1";"2";"2";"2";"1";"1";"2"
"21";"966";"1";"81095";"26";"2";"2";"6170909684361d99aca08169";"1997";"1";"1";"1";"2";"1";"1";"1";"1";"1";"1";"2";"2";"2";"2";"2";"2";"2";"2";"2";"2";"1";"1";"1";"2";"1";"1";"1";"1";"1";"1";"2";"2";"2";"2";"2";"2";"2";"2";"2";"2";"-77";"-77";"-77";"-77";"-77";"-77";"-77";"-77";"-77";"-77";"-77";"-77";"-77";"-77";"-77";"-77";"-77";"-77";"-77";"-77";"-77";"-77";"-77";"-77";"-77";"-77";"-77";"-77";"-77";"-77";"-77";"-77";"-77";"-77";"-77";"-77";"-77";"-77";"-77";"-77"
"19";"1224";"3";"82943";"22";"3";"2";"5d1cc1adb50874001a5792c8";"2000";"1";"1";"1";"1";"1";"1";"1";"1";"1";"1";"2";"2";"2";"2";"2";"2";"2";"2";"2";"2";"-77";"-77";"-77";"-77";"-77";"-77";"-77";"-77";"-77";"-77";"-77";"-77";"-77";"-77";"-77";"-77";"-77";"-77";"-77";"-77";"-77";"-77";"-77";"-77";"-77";"-77";"-77";"-77";"-77";"-77";"-77";"-77";"-77";"-77";"-77";"-77";"-77";"-77";"-77";"-77";"1";"1";"1";"1";"1";"1";"1";"1";"1";"1";"2";"2";"2";"2";"2";"2";"2";"2";"2";"2"
"12";"1606";"1";"83529";"21";"1";"1";"61364af9841cf1fbe72e1b3d";"2002";"1";"1";"1";"1";"1";"1";"1";"1";"1";"1";"2";"2";"2";"2";"2";"1";"2";"2";"2";"2";"1";"1";"1";"1";"1";"1";"1";"1";"1";"1";"2";"2";"2";"2";"2";"1";"2";"1";"2";"2";"-77";"-77";"-77";"-77";"-77";"-77";"-77";"-77";"-77";"-77";"-77";"-77";"-77";"-77";"-77";"-77";"-77";"-77";"-77";"-77";"-77";"-77";"-77";"-77";"-77";"-77";"-77";"-77";"-77";"-77";"-77";"-77";"-77";"-77";"-77";"-77";"-77";"-77";"-77";"-77"
"11";"736";"3";"81655";"34";"1";"2";"5fad2c4ca80aee3be288e06b";"1988";"1";"1";"1";"2";"1";"1";"1";"1";"1";"1";"2";"2";"2";"2";"2";"2";"2";"2";"2";"2";"-77";"-77";"-77";"-77";"-77";"-77";"-77";"-77";"-77";"-77";"-77";"-77";"-77";"-77";"-77";"-77";"-77";"-77";"-77";"-77";"-77";"-77";"-77";"-77";"-77";"-77";"-77";"-77";"-77";"-77";"-77";"-77";"-77";"-77";"-77";"-77";"-77";"-77";"-77";"-77";"1";"1";"1";"2";"1";"1";"1";"1";"1";"1";"2";"2";"2";"2";"2";"2";"2";"2";"2";"2"
"24";"497";"3";"84103";"24";"2";"2";"613a80b807ce434753f76d77";"1999";"2";"1";"1";"1";"1";"1";"1";"1";"2";"2";"2";"1";"2";"1";"2";"2";"2";"2";"2";"2";"-77";"-77";"-77";"-77";"-77";"-77";"-77";"-77";"-77";"-77";"-77";"-77";"-77";"-77";"-77";"-77";"-77";"-77";"-77";"-77";"-77";"-77";"-77";"-77";"-77";"-77";"-77";"-77";"-77";"-77";"-77";"-77";"-77";"-77";"-77";"-77";"-77";"-77";"-77";"-77";"1";"1";"1";"1";"1";"1";"1";"1";"2";"1";"2";"1";"2";"2";"2";"2";"2";"1";"2";"2"
"17";"718";"1";"89418";"42";"2";"1";"5dc04c29a9e74e476faa7628";"1981";"2";"1";"1";"2";"1";"1";"2";"1";"1";"2";"2";"2";"1";"2";"2";"2";"2";"2";"2";"2";"2";"1";"1";"2";"1";"1";"1";"1";"1";"2";"2";"1";"1";"2";"2";"2";"2";"2";"2";"2";"-77";"-77";"-77";"-77";"-77";"-77";"-77";"-77";"-77";"-77";"-77";"-77";"-77";"-77";"-77";"-77";"-77";"-77";"-77";"-77";"-77";"-77";"-77";"-77";"-77";"-77";"-77";"-77";"-77";"-77";"-77";"-77";"-77";"-77";"-77";"-77";"-77";"-77";"-77";"-77"
"18";"312";"3";"89109";"21";"1";"2";"5f54ad0cbb2be4806841d75c";"2001";"1";"1";"1";"2";"1";"1";"1";"1";"1";"1";"2";"2";"2";"2";"2";"2";"2";"2";"2";"2";"-77";"-77";"-77";"-77";"-77";"-77";"-77";"-77";"-77";"-77";"-77";"-77";"-77";"-77";"-77";"-77";"-77";"-77";"-77";"-77";"-77";"-77";"-77";"-77";"-77";"-77";"-77";"-77";"-77";"-77";"-77";"-77";"-77";"-77";"-77";"-77";"-77";"-77";"-77";"-77";"1";"1";"1";"2";"1";"1";"1";"1";"1";"1";"2";"2";"2";"2";"2";"2";"2";"2";"2";"2"
"23";"1034";"2";"86750";"27";"2";"2";"5f8632cff7f4b1181047057d";"1995";"1";"1";"1";"2";"1";"1";"1";"1";"1";"1";"2";"2";"2";"2";"2";"2";"2";"2";"2";"2";"-77";"-77";"-77";"-77";"-77";"-77";"-77";"-77";"-77";"-77";"-77";"-77";"-77";"-77";"-77";"-77";"-77";"-77";"-77";"-77";"1";"1";"1";"2";"1";"1";"1";"1";"1";"1";"2";"2";"2";"2";"2";"2";"2";"2";"2";"2";"-77";"-77";"-77";"-77";"-77";"-77";"-77";"-77";"-77";"-77";"-77";"-77";"-77";"-77";"-77";"-77";"-77";"-77";"-77";"-77"
"15";"984";"2";"83426";"38";"1";"2";"608c11f91f51a4297ce3b213";"1984";"1";"1";"1";"2";"1";"1";"1";"1";"1";"1";"2";"2";"2";"2";"2";"2";"2";"2";"2";"2";"-77";"-77";"-77";"-77";"-77";"-77";"-77";"-77";"-77";"-77";"-77";"-77";"-77";"-77";"-77";"-77";"-77";"-77";"-77";"-77";"1";"1";"1";"2";"1";"1";"1";"1";"1";"1";"2";"2";"2";"2";"2";"2";"2";"2";"2";"2";"-77";"-77";"-77";"-77";"-77";"-77";"-77";"-77";"-77";"-77";"-77";"-77";"-77";"-77";"-77";"-77";"-77";"-77";"-77";"-77"
"31";"1986";"3";"83366";"23";"2";"2";"60026ffbf37ef427e9384f56";"1999";"1";"1";"1";"1";"1";"1";"1";"1";"1";"1";"2";"2";"2";"2";"2";"2";"2";"2";"2";"2";"-77";"-77";"-77";"-77";"-77";"-77";"-77";"-77";"-77";"-77";"-77";"-77";"-77";"-77";"-77";"-77";"-77";"-77";"-77";"-77";"-77";"-77";"-77";"-77";"-77";"-77";"-77";"-77";"-77";"-77";"-77";"-77";"-77";"-77";"-77";"-77";"-77";"-77";"-77";"-77";"1";"1";"1";"1";"1";"1";"1";"1";"1";"1";"2";"2";"2";"2";"2";"2";"2";"1";"2";"2"
"26";"938";"1";"88301";"30";"1";"2";"5756f43aae3fc40006e1ddfe";"1993";"1";"1";"1";"1";"1";"1";"1";"1";"1";"1";"2";"2";"2";"2";"2";"1";"2";"2";"2";"2";"1";"1";"1";"1";"1";"1";"1";"1";"1";"1";"2";"2";"2";"2";"2";"1";"2";"2";"2";"2";"-77";"-77";"-77";"-77";"-77";"-77";"-77";"-77";"-77";"-77";"-77";"-77";"-77";"-77";"-77";"-77";"-77";"-77";"-77";"-77";"-77";"-77";"-77";"-77";"-77";"-77";"-77";"-77";"-77";"-77";"-77";"-77";"-77";"-77";"-77";"-77";"-77";"-77";"-77";"-77"
"43";"881";"2";"84669";"23";"2";"2";"5f0af202ec6afa02e8db0daf";"2000";"1";"1";"1";"2";"1";"1";"1";"1";"1";"1";"2";"2";"2";"2";"2";"2";"2";"1";"2";"2";"-77";"-77";"-77";"-77";"-77";"-77";"-77";"-77";"-77";"-77";"-77";"-77";"-77";"-77";"-77";"-77";"-77";"-77";"-77";"-77";"1";"1";"1";"2";"1";"1";"1";"1";"1";"1";"2";"2";"2";"2";"2";"2";"2";"1";"2";"2";"-77";"-77";"-77";"-77";"-77";"-77";"-77";"-77";"-77";"-77";"-77";"-77";"-77";"-77";"-77";"-77";"-77";"-77";"-77";"-77"
"30";"2433";"3";"83750";"41";"3";"1";"5cead73185712e00190bcf17";"1982";"1";"1";"1";"1";"1";"1";"1";"1";"1";"1";"2";"2";"2";"2";"2";"2";"2";"2";"2";"2";"-77";"-77";"-77";"-77";"-77";"-77";"-77";"-77";"-77";"-77";"-77";"-77";"-77";"-77";"-77";"-77";"-77";"-77";"-77";"-77";"-77";"-77";"-77";"-77";"-77";"-77";"-77";"-77";"-77";"-77";"-77";"-77";"-77";"-77";"-77";"-77";"-77";"-77";"-77";"-77";"1";"1";"1";"1";"1";"1";"1";"1";"1";"1";"2";"2";"2";"2";"2";"2";"2";"2";"2";"2"
"20";"470";"2";"80971";"36";"2";"1";"5dea7a7df87f5519e686ff7b";"1986";"1";"1";"1";"2";"1";"1";"1";"1";"1";"1";"2";"2";"2";"2";"2";"2";"2";"2";"2";"2";"-77";"-77";"-77";"-77";"-77";"-77";"-77";"-77";"-77";"-77";"-77";"-77";"-77";"-77";"-77";"-77";"-77";"-77";"-77";"-77";"1";"1";"1";"2";"1";"1";"1";"1";"1";"1";"2";"2";"2";"2";"2";"2";"2";"2";"2";"2";"-77";"-77";"-77";"-77";"-77";"-77";"-77";"-77";"-77";"-77";"-77";"-77";"-77";"-77";"-77";"-77";"-77";"-77";"-77";"-77"
"65";"741";"3";"86147";"29";"1";"2";"5b62d2ef4e945800017e6c02";"1993";"2";"2";"1";"2";"1";"2";"1";"1";"2";"1";"2";"2";"1";"2";"1";"2";"2";"1";"2";"2";"-77";"-77";"-77";"-77";"-77";"-77";"-77";"-77";"-77";"-77";"-77";"-77";"-77";"-77";"-77";"-77";"-77";"-77";"-77";"-77";"-77";"-77";"-77";"-77";"-77";"-77";"-77";"-77";"-77";"-77";"-77";"-77";"-77";"-77";"-77";"-77";"-77";"-77";"-77";"-77";"2";"1";"1";"2";"1";"2";"1";"1";"2";"1";"2";"1";"2";"2";"1";"2";"2";"1";"1";"2"
"27";"672";"3";"85977";"34";"1";"2";"6119524b5877c4cb0bffad42";"1989";"1";"1";"1";"2";"1";"1";"1";"1";"1";"1";"2";"2";"2";"2";"2";"1";"2";"2";"2";"2";"-77";"-77";"-77";"-77";"-77";"-77";"-77";"-77";"-77";"-77";"-77";"-77";"-77";"-77";"-77";"-77";"-77";"-77";"-77";"-77";"-77";"-77";"-77";"-77";"-77";"-77";"-77";"-77";"-77";"-77";"-77";"-77";"-77";"-77";"-77";"-77";"-77";"-77";"-77";"-77";"1";"1";"1";"2";"1";"1";"1";"1";"1";"1";"2";"2";"2";"2";"2";"1";"2";"1";"2";"2"
"33";"1777";"1";"81968";"20";"2";"1";"61323841c9efa7918f8e078b";"2002";"1";"1";"1";"2";"1";"1";"1";"1";"1";"1";"2";"2";"2";"2";"2";"2";"2";"2";"2";"2";"1";"1";"1";"2";"1";"1";"1";"1";"1";"1";"2";"2";"2";"2";"2";"2";"2";"1";"2";"2";"-77";"-77";"-77";"-77";"-77";"-77";"-77";"-77";"-77";"-77";"-77";"-77";"-77";"-77";"-77";"-77";"-77";"-77";"-77";"-77";"-77";"-77";"-77";"-77";"-77";"-77";"-77";"-77";"-77";"-77";"-77";"-77";"-77";"-77";"-77";"-77";"-77";"-77";"-77";"-77"
"29";"785";"2";"89820";"31";"2";"3";"614f72b28624117cc294d4cc";"1992";"1";"1";"1";"1";"1";"1";"1";"1";"1";"1";"2";"2";"2";"2";"2";"2";"2";"2";"2";"2";"-77";"-77";"-77";"-77";"-77";"-77";"-77";"-77";"-77";"-77";"-77";"-77";"-77";"-77";"-77";"-77";"-77";"-77";"-77";"-77";"1";"1";"1";"1";"1";"1";"1";"1";"1";"1";"2";"2";"2";"2";"2";"2";"2";"2";"2";"2";"-77";"-77";"-77";"-77";"-77";"-77";"-77";"-77";"-77";"-77";"-77";"-77";"-77";"-77";"-77";"-77";"-77";"-77";"-77";"-77"
"38";"869";"3";"84387";"20";"1";"1";"5f9be81311b3ec42a9b82ffc";"2003";"1";"1";"1";"2";"1";"1";"1";"1";"1";"1";"2";"2";"2";"2";"2";"1";"2";"2";"2";"2";"-77";"-77";"-77";"-77";"-77";"-77";"-77";"-77";"-77";"-77";"-77";"-77";"-77";"-77";"-77";"-77";"-77";"-77";"-77";"-77";"-77";"-77";"-77";"-77";"-77";"-77";"-77";"-77";"-77";"-77";"-77";"-77";"-77";"-77";"-77";"-77";"-77";"-77";"-77";"-77";"1";"1";"1";"2";"1";"1";"1";"1";"1";"1";"2";"2";"2";"2";"2";"1";"2";"1";"2";"2"
"39";"1007";"2";"88224";"22";"2";"1";"610a72cbe6257b5ec5937c1b";"2001";"1";"1";"2";"2";"1";"1";"1";"1";"1";"2";"2";"2";"2";"2";"2";"2";"1";"2";"2";"2";"-77";"-77";"-77";"-77";"-77";"-77";"-77";"-77";"-77";"-77";"-77";"-77";"-77";"-77";"-77";"-77";"-77";"-77";"-77";"-77";"1";"1";"1";"2";"1";"1";"1";"1";"1";"1";"2";"2";"2";"2";"2";"2";"2";"1";"2";"2";"-77";"-77";"-77";"-77";"-77";"-77";"-77";"-77";"-77";"-77";"-77";"-77";"-77";"-77";"-77";"-77";"-77";"-77";"-77";"-77"
"25";"1401";"2";"81020";"23";"1";"2";"5ffb82d015d1bf6119b135e0";"2000";"1";"1";"1";"2";"1";"1";"1";"1";"1";"1";"2";"2";"2";"2";"2";"2";"2";"2";"2";"2";"-77";"-77";"-77";"-77";"-77";"-77";"-77";"-77";"-77";"-77";"-77";"-77";"-77";"-77";"-77";"-77";"-77";"-77";"-77";"-77";"1";"1";"1";"2";"1";"1";"1";"1";"1";"1";"2";"2";"2";"2";"2";"2";"2";"1";"2";"2";"-77";"-77";"-77";"-77";"-77";"-77";"-77";"-77";"-77";"-77";"-77";"-77";"-77";"-77";"-77";"-77";"-77";"-77";"-77";"-77"
"28";"584";"1";"83990";"23";"2";"2";"5e67ad295582ee000b1d055e";"2000";"1";"1";"1";"2";"1";"1";"1";"1";"1";"1";"2";"1";"2";"2";"2";"2";"2";"2";"2";"2";"1";"1";"1";"2";"1";"1";"1";"1";"1";"1";"2";"1";"2";"2";"2";"2";"2";"2";"2";"2";"-77";"-77";"-77";"-77";"-77";"-77";"-77";"-77";"-77";"-77";"-77";"-77";"-77";"-77";"-77";"-77";"-77";"-77";"-77";"-77";"-77";"-77";"-77";"-77";"-77";"-77";"-77";"-77";"-77";"-77";"-77";"-77";"-77";"-77";"-77";"-77";"-77";"-77";"-77";"-77"
"32";"1749";"2";"82471";"34";"2";"3";"60217ceca41dfb1639d152a7";"1989";"1";"1";"1";"1";"1";"1";"1";"1";"1";"1";"2";"2";"2";"2";"2";"2";"2";"2";"2";"2";"-77";"-77";"-77";"-77";"-77";"-77";"-77";"-77";"-77";"-77";"-77";"-77";"-77";"-77";"-77";"-77";"-77";"-77";"-77";"-77";"1";"1";"1";"1";"1";"1";"1";"1";"1";"1";"2";"2";"2";"2";"2";"2";"2";"2";"2";"2";"-77";"-77";"-77";"-77";"-77";"-77";"-77";"-77";"-77";"-77";"-77";"-77";"-77";"-77";"-77";"-77";"-77";"-77";"-77";"-77"
"34";"1123";"1";"80548";"23";"2";"2";"5f244f9a175deb01f9398c14";"2000";"1";"1";"1";"2";"1";"1";"1";"1";"1";"1";"2";"2";"2";"2";"2";"2";"2";"2";"2";"2";"1";"1";"1";"2";"1";"1";"1";"1";"1";"1";"2";"2";"2";"2";"2";"2";"2";"2";"2";"2";"-77";"-77";"-77";"-77";"-77";"-77";"-77";"-77";"-77";"-77";"-77";"-77";"-77";"-77";"-77";"-77";"-77";"-77";"-77";"-77";"-77";"-77";"-77";"-77";"-77";"-77";"-77";"-77";"-77";"-77";"-77";"-77";"-77";"-77";"-77";"-77";"-77";"-77";"-77";"-77"
"35";"576";"2";"88953";"20";"1";"1";"61066a47177ea1ed33f82388";"2002";"2";"1";"1";"2";"1";"1";"1";"1";"1";"1";"2";"2";"2";"2";"2";"2";"2";"1";"2";"2";"-77";"-77";"-77";"-77";"-77";"-77";"-77";"-77";"-77";"-77";"-77";"-77";"-77";"-77";"-77";"-77";"-77";"-77";"-77";"-77";"2";"1";"1";"2";"1";"1";"1";"1";"1";"1";"2";"2";"2";"2";"2";"2";"2";"1";"2";"2";"-77";"-77";"-77";"-77";"-77";"-77";"-77";"-77";"-77";"-77";"-77";"-77";"-77";"-77";"-77";"-77";"-77";"-77";"-77";"-77"
"44";"1451";"3";"83613";"24";"2";"1";"616f6ed2ead3bb59cd1397ac";"1999";"1";"1";"1";"2";"1";"1";"1";"1";"1";"1";"2";"2";"2";"2";"2";"1";"2";"2";"2";"2";"-77";"-77";"-77";"-77";"-77";"-77";"-77";"-77";"-77";"-77";"-77";"-77";"-77";"-77";"-77";"-77";"-77";"-77";"-77";"-77";"-77";"-77";"-77";"-77";"-77";"-77";"-77";"-77";"-77";"-77";"-77";"-77";"-77";"-77";"-77";"-77";"-77";"-77";"-77";"-77";"1";"1";"1";"2";"1";"1";"1";"1";"1";"1";"2";"2";"2";"2";"2";"1";"2";"2";"2";"2"
"63";"1404";"1";"88147";"22";"1";"1";"60de1229e31e0a1d845364e7";"2000";"1";"1";"1";"1";"1";"1";"1";"1";"1";"1";"2";"2";"2";"2";"2";"2";"2";"2";"2";"2";"1";"1";"1";"1";"1";"1";"1";"1";"1";"1";"2";"2";"2";"2";"2";"2";"2";"2";"2";"2";"-77";"-77";"-77";"-77";"-77";"-77";"-77";"-77";"-77";"-77";"-77";"-77";"-77";"-77";"-77";"-77";"-77";"-77";"-77";"-77";"-77";"-77";"-77";"-77";"-77";"-77";"-77";"-77";"-77";"-77";"-77";"-77";"-77";"-77";"-77";"-77";"-77";"-77";"-77";"-77"
"36";"588";"3";"81623";"47";"1";"2";"5f80a9b2fead31110936e514";"1976";"1";"1";"1";"2";"1";"1";"1";"1";"1";"1";"2";"2";"2";"2";"2";"2";"2";"2";"2";"2";"-77";"-77";"-77";"-77";"-77";"-77";"-77";"-77";"-77";"-77";"-77";"-77";"-77";"-77";"-77";"-77";"-77";"-77";"-77";"-77";"-77";"-77";"-77";"-77";"-77";"-77";"-77";"-77";"-77";"-77";"-77";"-77";"-77";"-77";"-77";"-77";"-77";"-77";"-77";"-77";"1";"1";"1";"2";"1";"1";"1";"1";"1";"1";"2";"2";"2";"2";"2";"2";"2";"2";"2";"2"
"47";"1443";"3";"82576";"26";"2";"2";"60e1e1af0ac94b28008bbd74";"1997";"1";"1";"1";"2";"1";"1";"1";"1";"1";"1";"2";"2";"2";"2";"2";"2";"2";"2";"2";"2";"-77";"-77";"-77";"-77";"-77";"-77";"-77";"-77";"-77";"-77";"-77";"-77";"-77";"-77";"-77";"-77";"-77";"-77";"-77";"-77";"-77";"-77";"-77";"-77";"-77";"-77";"-77";"-77";"-77";"-77";"-77";"-77";"-77";"-77";"-77";"-77";"-77";"-77";"-77";"-77";"1";"1";"1";"2";"1";"1";"1";"1";"1";"1";"2";"1";"2";"2";"2";"2";"2";"2";"2";"2"
"51";"969";"2";"81179";"28";"2";"2";"615b02a30793b73a5c5560ab";"1994";"2";"1";"1";"2";"1";"1";"1";"1";"1";"1";"1";"1";"1";"2";"2";"1";"1";"1";"2";"1";"-77";"-77";"-77";"-77";"-77";"-77";"-77";"-77";"-77";"-77";"-77";"-77";"-77";"-77";"-77";"-77";"-77";"-77";"-77";"-77";"2";"1";"1";"2";"1";"1";"1";"1";"1";"1";"2";"1";"1";"2";"2";"2";"1";"1";"2";"1";"-77";"-77";"-77";"-77";"-77";"-77";"-77";"-77";"-77";"-77";"-77";"-77";"-77";"-77";"-77";"-77";"-77";"-77";"-77";"-77"
"60";"902";"1";"84654";"32";"1";"2";"59f705d57d4f3900014ddd5c";"1991";"1";"1";"1";"1";"1";"1";"1";"1";"1";"1";"2";"2";"2";"2";"2";"2";"2";"2";"2";"2";"1";"1";"1";"2";"1";"1";"1";"1";"1";"1";"2";"1";"2";"2";"2";"2";"2";"2";"2";"2";"-77";"-77";"-77";"-77";"-77";"-77";"-77";"-77";"-77";"-77";"-77";"-77";"-77";"-77";"-77";"-77";"-77";"-77";"-77";"-77";"-77";"-77";"-77";"-77";"-77";"-77";"-77";"-77";"-77";"-77";"-77";"-77";"-77";"-77";"-77";"-77";"-77";"-77";"-77";"-77"
"37";"776";"1";"82939";"32";"2";"1";"5e8b811dcdbb58057efa41cd";"1991";"1";"1";"1";"2";"1";"1";"1";"1";"1";"1";"2";"2";"2";"2";"2";"1";"2";"2";"2";"2";"1";"1";"1";"2";"1";"1";"1";"1";"1";"1";"2";"2";"2";"2";"2";"1";"2";"2";"2";"2";"-77";"-77";"-77";"-77";"-77";"-77";"-77";"-77";"-77";"-77";"-77";"-77";"-77";"-77";"-77";"-77";"-77";"-77";"-77";"-77";"-77";"-77";"-77";"-77";"-77";"-77";"-77";"-77";"-77";"-77";"-77";"-77";"-77";"-77";"-77";"-77";"-77";"-77";"-77";"-77"
"40";"464";"1";"81376";"22";"2";"2";"5e7769860b2d822d7f8720fa";"2000";"1";"2";"1";"1";"1";"1";"1";"1";"1";"1";"2";"2";"1";"2";"2";"1";"2";"2";"2";"2";"1";"2";"1";"1";"1";"1";"1";"1";"1";"1";"2";"2";"2";"2";"2";"2";"2";"2";"2";"2";"-77";"-77";"-77";"-77";"-77";"-77";"-77";"-77";"-77";"-77";"-77";"-77";"-77";"-77";"-77";"-77";"-77";"-77";"-77";"-77";"-77";"-77";"-77";"-77";"-77";"-77";"-77";"-77";"-77";"-77";"-77";"-77";"-77";"-77";"-77";"-77";"-77";"-77";"-77";"-77"
"46";"502";"2";"87327";"22";"1";"2";"5ea597859b1fb6594ac2b470";"2000";"1";"1";"1";"1";"1";"1";"1";"1";"1";"1";"2";"2";"2";"2";"2";"2";"2";"2";"2";"2";"-77";"-77";"-77";"-77";"-77";"-77";"-77";"-77";"-77";"-77";"-77";"-77";"-77";"-77";"-77";"-77";"-77";"-77";"-77";"-77";"1";"1";"1";"1";"1";"1";"1";"1";"1";"1";"2";"2";"2";"2";"2";"2";"2";"2";"2";"2";"-77";"-77";"-77";"-77";"-77";"-77";"-77";"-77";"-77";"-77";"-77";"-77";"-77";"-77";"-77";"-77";"-77";"-77";"-77";"-77"
"41";"1399";"3";"87102";"23";"1";"2";"5e820b70239c3490a5e6015f";"2000";"1";"1";"1";"1";"1";"1";"1";"1";"2";"1";"2";"2";"2";"2";"2";"2";"2";"2";"2";"2";"-77";"-77";"-77";"-77";"-77";"-77";"-77";"-77";"-77";"-77";"-77";"-77";"-77";"-77";"-77";"-77";"-77";"-77";"-77";"-77";"-77";"-77";"-77";"-77";"-77";"-77";"-77";"-77";"-77";"-77";"-77";"-77";"-77";"-77";"-77";"-77";"-77";"-77";"-77";"-77";"1";"1";"1";"1";"1";"1";"1";"1";"2";"1";"2";"2";"2";"2";"2";"2";"2";"2";"2";"2"
"42";"1201";"2";"82274";"23";"2";"2";"5fdbf74c5474cd11e39eeaf3";"2000";"2";"1";"1";"1";"1";"1";"1";"1";"1";"1";"2";"2";"2";"2";"2";"2";"2";"2";"2";"2";"-77";"-77";"-77";"-77";"-77";"-77";"-77";"-77";"-77";"-77";"-77";"-77";"-77";"-77";"-77";"-77";"-77";"-77";"-77";"-77";"2";"1";"1";"2";"1";"1";"1";"1";"1";"1";"2";"2";"2";"2";"2";"2";"2";"2";"2";"2";"-77";"-77";"-77";"-77";"-77";"-77";"-77";"-77";"-77";"-77";"-77";"-77";"-77";"-77";"-77";"-77";"-77";"-77";"-77";"-77"
"73";"814";"1";"80658";"34";"1";"3";"61157d170c26d85a7eb04dfa";"1989";"1";"2";"1";"1";"2";"2";"1";"1";"1";"2";"1";"1";"2";"2";"2";"1";"2";"1";"1";"2";"1";"2";"1";"1";"2";"1";"1";"1";"1";"2";"1";"1";"2";"2";"2";"1";"2";"1";"1";"2";"-77";"-77";"-77";"-77";"-77";"-77";"-77";"-77";"-77";"-77";"-77";"-77";"-77";"-77";"-77";"-77";"-77";"-77";"-77";"-77";"-77";"-77";"-77";"-77";"-77";"-77";"-77";"-77";"-77";"-77";"-77";"-77";"-77";"-77";"-77";"-77";"-77";"-77";"-77";"-77"
"45";"561";"1";"89361";"56";"2";"2";"59025280d17178000141a7dd";"1967";"1";"1";"1";"2";"1";"1";"1";"1";"1";"1";"2";"2";"2";"2";"2";"2";"2";"2";"2";"2";"1";"1";"1";"2";"1";"1";"1";"1";"1";"1";"2";"2";"2";"2";"2";"2";"2";"2";"2";"2";"-77";"-77";"-77";"-77";"-77";"-77";"-77";"-77";"-77";"-77";"-77";"-77";"-77";"-77";"-77";"-77";"-77";"-77";"-77";"-77";"-77";"-77";"-77";"-77";"-77";"-77";"-77";"-77";"-77";"-77";"-77";"-77";"-77";"-77";"-77";"-77";"-77";"-77";"-77";"-77"
"53";"764";"2";"85865";"30";"1";"2";"5bf52a327ea49f0001ba78d0";"1993";"1";"1";"1";"2";"1";"1";"1";"1";"1";"1";"2";"2";"2";"2";"2";"2";"2";"1";"2";"2";"-77";"-77";"-77";"-77";"-77";"-77";"-77";"-77";"-77";"-77";"-77";"-77";"-77";"-77";"-77";"-77";"-77";"-77";"-77";"-77";"1";"1";"1";"2";"1";"1";"1";"1";"1";"1";"2";"2";"2";"2";"2";"2";"2";"1";"2";"2";"-77";"-77";"-77";"-77";"-77";"-77";"-77";"-77";"-77";"-77";"-77";"-77";"-77";"-77";"-77";"-77";"-77";"-77";"-77";"-77"
"48";"727";"1";"88360";"20";"1";"1";"6103fceb3c190a747cde1420";"2003";"1";"1";"1";"1";"1";"1";"1";"1";"1";"1";"2";"2";"2";"2";"2";"2";"2";"2";"2";"2";"1";"1";"1";"1";"1";"1";"1";"1";"1";"1";"2";"2";"2";"2";"2";"2";"2";"2";"2";"2";"-77";"-77";"-77";"-77";"-77";"-77";"-77";"-77";"-77";"-77";"-77";"-77";"-77";"-77";"-77";"-77";"-77";"-77";"-77";"-77";"-77";"-77";"-77";"-77";"-77";"-77";"-77";"-77";"-77";"-77";"-77";"-77";"-77";"-77";"-77";"-77";"-77";"-77";"-77";"-77"
"49";"832";"1";"88709";"21";"1";"2";"5f3c8a006375d854f90d73a7";"2001";"1";"1";"1";"2";"1";"1";"1";"1";"1";"1";"2";"2";"2";"2";"2";"2";"2";"2";"2";"2";"1";"1";"1";"2";"1";"1";"1";"1";"1";"1";"2";"1";"2";"2";"2";"2";"2";"2";"2";"2";"-77";"-77";"-77";"-77";"-77";"-77";"-77";"-77";"-77";"-77";"-77";"-77";"-77";"-77";"-77";"-77";"-77";"-77";"-77";"-77";"-77";"-77";"-77";"-77";"-77";"-77";"-77";"-77";"-77";"-77";"-77";"-77";"-77";"-77";"-77";"-77";"-77";"-77";"-77";"-77"
"50";"3500";"3";"84915";"31";"2";"1";"5f3ce48306ca7102dc4d2860";"1991";"1";"1";"1";"1";"1";"1";"1";"1";"2";"2";"1";"1";"2";"1";"2";"1";"2";"1";"2";"2";"-77";"-77";"-77";"-77";"-77";"-77";"-77";"-77";"-77";"-77";"-77";"-77";"-77";"-77";"-77";"-77";"-77";"-77";"-77";"-77";"-77";"-77";"-77";"-77";"-77";"-77";"-77";"-77";"-77";"-77";"-77";"-77";"-77";"-77";"-77";"-77";"-77";"-77";"-77";"-77";"1";"1";"1";"2";"1";"1";"1";"1";"1";"1";"2";"1";"1";"2";"2";"2";"2";"1";"2";"2"
"52";"588";"3";"82667";"27";"1";"2";"5ef60257cd680928de23ccae";"1995";"1";"1";"1";"2";"1";"1";"1";"1";"1";"1";"2";"2";"2";"2";"2";"2";"2";"2";"2";"2";"-77";"-77";"-77";"-77";"-77";"-77";"-77";"-77";"-77";"-77";"-77";"-77";"-77";"-77";"-77";"-77";"-77";"-77";"-77";"-77";"-77";"-77";"-77";"-77";"-77";"-77";"-77";"-77";"-77";"-77";"-77";"-77";"-77";"-77";"-77";"-77";"-77";"-77";"-77";"-77";"1";"1";"1";"2";"1";"1";"1";"1";"1";"1";"2";"2";"2";"2";"2";"2";"2";"2";"2";"2"
"64";"1436";"2";"80972";"23";"2";"2";"60d1008fc26892a1f0ed7ed5";"1999";"1";"1";"1";"2";"1";"1";"1";"1";"1";"1";"2";"2";"2";"2";"2";"2";"2";"1";"2";"2";"-77";"-77";"-77";"-77";"-77";"-77";"-77";"-77";"-77";"-77";"-77";"-77";"-77";"-77";"-77";"-77";"-77";"-77";"-77";"-77";"1";"1";"1";"2";"1";"1";"1";"1";"1";"1";"2";"2";"2";"2";"2";"2";"2";"1";"2";"2";"-77";"-77";"-77";"-77";"-77";"-77";"-77";"-77";"-77";"-77";"-77";"-77";"-77";"-77";"-77";"-77";"-77";"-77";"-77";"-77"
"57";"1626";"3";"87427";"30";"1";"2";"5dc891a9deac8260bc0095de";"1993";"1";"1";"1";"1";"1";"1";"1";"1";"1";"1";"1";"1";"1";"2";"1";"1";"1";"2";"1";"1";"-77";"-77";"-77";"-77";"-77";"-77";"-77";"-77";"-77";"-77";"-77";"-77";"-77";"-77";"-77";"-77";"-77";"-77";"-77";"-77";"-77";"-77";"-77";"-77";"-77";"-77";"-77";"-77";"-77";"-77";"-77";"-77";"-77";"-77";"-77";"-77";"-77";"-77";"-77";"-77";"1";"1";"1";"1";"1";"1";"1";"1";"1";"1";"1";"1";"1";"2";"1";"1";"1";"2";"1";"1"
"54";"857";"1";"84177";"34";"2";"1";"5a50d760eedc32000141fb83";"1989";"1";"1";"1";"1";"1";"1";"1";"1";"1";"1";"2";"2";"2";"2";"2";"1";"2";"2";"2";"2";"1";"1";"1";"1";"1";"1";"1";"1";"1";"1";"2";"2";"2";"2";"2";"1";"2";"1";"2";"2";"-77";"-77";"-77";"-77";"-77";"-77";"-77";"-77";"-77";"-77";"-77";"-77";"-77";"-77";"-77";"-77";"-77";"-77";"-77";"-77";"-77";"-77";"-77";"-77";"-77";"-77";"-77";"-77";"-77";"-77";"-77";"-77";"-77";"-77";"-77";"-77";"-77";"-77";"-77";"-77"
"55";"325";"1";"85814";"35";"2";"2";"5d71b02cf1af250001c3a50f";"1988";"1";"1";"1";"2";"1";"1";"1";"1";"1";"1";"2";"2";"2";"2";"2";"1";"2";"2";"2";"2";"1";"1";"1";"2";"1";"1";"1";"1";"1";"1";"2";"2";"2";"2";"2";"2";"2";"1";"2";"2";"-77";"-77";"-77";"-77";"-77";"-77";"-77";"-77";"-77";"-77";"-77";"-77";"-77";"-77";"-77";"-77";"-77";"-77";"-77";"-77";"-77";"-77";"-77";"-77";"-77";"-77";"-77";"-77";"-77";"-77";"-77";"-77";"-77";"-77";"-77";"-77";"-77";"-77";"-77";"-77"
"56";"695";"2";"89917";"58";"1";"1";"5eaa9d9c107b78017fab3390";"1957";"1";"1";"1";"2";"1";"1";"1";"2";"1";"2";"2";"2";"2";"2";"2";"2";"2";"1";"2";"2";"-77";"-77";"-77";"-77";"-77";"-77";"-77";"-77";"-77";"-77";"-77";"-77";"-77";"-77";"-77";"-77";"-77";"-77";"-77";"-77";"1";"1";"1";"2";"1";"1";"1";"1";"1";"2";"2";"1";"2";"2";"2";"2";"2";"1";"2";"2";"-77";"-77";"-77";"-77";"-77";"-77";"-77";"-77";"-77";"-77";"-77";"-77";"-77";"-77";"-77";"-77";"-77";"-77";"-77";"-77"
"74";"814";"2";"89766";"33";"2";"2";"5ea93d40fb690101aa21e97a";"1990";"1";"1";"1";"2";"1";"1";"1";"1";"1";"1";"2";"2";"2";"2";"2";"2";"2";"1";"2";"2";"-77";"-77";"-77";"-77";"-77";"-77";"-77";"-77";"-77";"-77";"-77";"-77";"-77";"-77";"-77";"-77";"-77";"-77";"-77";"-77";"1";"1";"1";"2";"1";"1";"1";"1";"1";"1";"2";"2";"2";"2";"2";"2";"2";"1";"2";"2";"-77";"-77";"-77";"-77";"-77";"-77";"-77";"-77";"-77";"-77";"-77";"-77";"-77";"-77";"-77";"-77";"-77";"-77";"-77";"-77"
"79";"985";"2";"87133";"27";"1";"3";"610e67fa7557bd40d517a87d";"1996";"1";"1";"1";"1";"1";"1";"1";"1";"1";"1";"2";"2";"2";"2";"2";"2";"2";"2";"2";"2";"-77";"-77";"-77";"-77";"-77";"-77";"-77";"-77";"-77";"-77";"-77";"-77";"-77";"-77";"-77";"-77";"-77";"-77";"-77";"-77";"1";"1";"1";"1";"1";"1";"1";"1";"1";"1";"2";"2";"2";"2";"2";"2";"2";"2";"2";"2";"-77";"-77";"-77";"-77";"-77";"-77";"-77";"-77";"-77";"-77";"-77";"-77";"-77";"-77";"-77";"-77";"-77";"-77";"-77";"-77"
"69";"2100";"2";"88652";"22";"2";"2";"60ec8221f081600c7bbd58af";"2001";"1";"1";"1";"1";"1";"1";"1";"1";"1";"1";"2";"2";"2";"2";"2";"2";"2";"1";"2";"2";"-77";"-77";"-77";"-77";"-77";"-77";"-77";"-77";"-77";"-77";"-77";"-77";"-77";"-77";"-77";"-77";"-77";"-77";"-77";"-77";"1";"1";"1";"1";"1";"1";"1";"1";"1";"1";"2";"2";"2";"2";"2";"2";"2";"1";"2";"2";"-77";"-77";"-77";"-77";"-77";"-77";"-77";"-77";"-77";"-77";"-77";"-77";"-77";"-77";"-77";"-77";"-77";"-77";"-77";"-77"
"59";"824";"2";"80502";"25";"1";"3";"5ef4842518648a0472e90ed5";"1998";"1";"1";"1";"2";"1";"1";"1";"1";"1";"1";"2";"2";"2";"2";"2";"2";"2";"2";"2";"2";"-77";"-77";"-77";"-77";"-77";"-77";"-77";"-77";"-77";"-77";"-77";"-77";"-77";"-77";"-77";"-77";"-77";"-77";"-77";"-77";"1";"1";"1";"2";"1";"1";"1";"1";"1";"1";"2";"2";"2";"2";"2";"2";"2";"2";"2";"2";"-77";"-77";"-77";"-77";"-77";"-77";"-77";"-77";"-77";"-77";"-77";"-77";"-77";"-77";"-77";"-77";"-77";"-77";"-77";"-77"
"58";"1878";"3";"80706";"34";"1";"3";"614dc6a01b4262b98ffa6d22";"1987";"1";"1";"1";"2";"1";"1";"1";"1";"1";"1";"2";"2";"1";"2";"2";"2";"2";"2";"2";"2";"-77";"-77";"-77";"-77";"-77";"-77";"-77";"-77";"-77";"-77";"-77";"-77";"-77";"-77";"-77";"-77";"-77";"-77";"-77";"-77";"-77";"-77";"-77";"-77";"-77";"-77";"-77";"-77";"-77";"-77";"-77";"-77";"-77";"-77";"-77";"-77";"-77";"-77";"-77";"-77";"1";"1";"1";"2";"1";"1";"1";"1";"1";"1";"2";"2";"2";"2";"2";"2";"2";"2";"2";"2"
"76";"1688";"1";"83126";"22";"1";"2";"5f0021867c6da111da7c9b31";"2000";"1";"1";"1";"2";"1";"1";"1";"1";"1";"1";"2";"2";"2";"2";"2";"2";"2";"2";"2";"2";"1";"1";"1";"2";"1";"1";"1";"1";"1";"1";"2";"2";"2";"2";"2";"2";"2";"2";"2";"2";"-77";"-77";"-77";"-77";"-77";"-77";"-77";"-77";"-77";"-77";"-77";"-77";"-77";"-77";"-77";"-77";"-77";"-77";"-77";"-77";"-77";"-77";"-77";"-77";"-77";"-77";"-77";"-77";"-77";"-77";"-77";"-77";"-77";"-77";"-77";"-77";"-77";"-77";"-77";"-77"
"68";"1133";"1";"87664";"28";"1";"1";"616dcea8c4e227d557d84166";"1995";"2";"2";"1";"1";"1";"1";"1";"1";"1";"1";"2";"2";"1";"2";"1";"1";"2";"2";"1";"2";"2";"2";"2";"1";"1";"1";"1";"1";"1";"1";"2";"2";"1";"2";"1";"2";"2";"2";"1";"2";"-77";"-77";"-77";"-77";"-77";"-77";"-77";"-77";"-77";"-77";"-77";"-77";"-77";"-77";"-77";"-77";"-77";"-77";"-77";"-77";"-77";"-77";"-77";"-77";"-77";"-77";"-77";"-77";"-77";"-77";"-77";"-77";"-77";"-77";"-77";"-77";"-77";"-77";"-77";"-77"
"62";"595";"3";"86783";"23";"1";"2";"60ea091fdb5ed5f90a47030b";"2000";"1";"1";"1";"2";"1";"1";"1";"1";"1";"1";"2";"2";"2";"2";"2";"2";"2";"1";"2";"2";"-77";"-77";"-77";"-77";"-77";"-77";"-77";"-77";"-77";"-77";"-77";"-77";"-77";"-77";"-77";"-77";"-77";"-77";"-77";"-77";"-77";"-77";"-77";"-77";"-77";"-77";"-77";"-77";"-77";"-77";"-77";"-77";"-77";"-77";"-77";"-77";"-77";"-77";"-77";"-77";"1";"1";"1";"2";"1";"1";"1";"1";"1";"1";"2";"2";"2";"2";"2";"2";"2";"1";"2";"2"
"75";"1850";"3";"82425";"35";"2";"2";"61716dd3ff99e21ca75a6b48";"1988";"1";"1";"1";"2";"1";"1";"1";"1";"1";"1";"2";"2";"2";"2";"2";"2";"2";"2";"2";"2";"-77";"-77";"-77";"-77";"-77";"-77";"-77";"-77";"-77";"-77";"-77";"-77";"-77";"-77";"-77";"-77";"-77";"-77";"-77";"-77";"-77";"-77";"-77";"-77";"-77";"-77";"-77";"-77";"-77";"-77";"-77";"-77";"-77";"-77";"-77";"-77";"-77";"-77";"-77";"-77";"1";"1";"1";"2";"1";"1";"1";"1";"1";"1";"2";"2";"2";"2";"2";"2";"2";"2";"2";"2"
"67";"936";"3";"81113";"24";"2";"1";"60e84d936799d99dc6d8920b";"1999";"1";"1";"1";"2";"1";"1";"1";"1";"1";"1";"2";"2";"2";"2";"2";"2";"2";"1";"2";"2";"-77";"-77";"-77";"-77";"-77";"-77";"-77";"-77";"-77";"-77";"-77";"-77";"-77";"-77";"-77";"-77";"-77";"-77";"-77";"-77";"-77";"-77";"-77";"-77";"-77";"-77";"-77";"-77";"-77";"-77";"-77";"-77";"-77";"-77";"-77";"-77";"-77";"-77";"-77";"-77";"1";"1";"1";"2";"1";"1";"1";"1";"1";"1";"2";"2";"2";"2";"2";"2";"2";"1";"2";"2"
"66";"609";"1";"89624";"21";"1";"1";"61210f4b4275994c55f2c16f";"2002";"1";"1";"1";"2";"1";"1";"1";"1";"1";"1";"2";"2";"2";"2";"2";"2";"2";"2";"2";"2";"1";"1";"1";"2";"1";"1";"1";"1";"1";"1";"2";"2";"2";"2";"2";"2";"2";"2";"2";"2";"-77";"-77";"-77";"-77";"-77";"-77";"-77";"-77";"-77";"-77";"-77";"-77";"-77";"-77";"-77";"-77";"-77";"-77";"-77";"-77";"-77";"-77";"-77";"-77";"-77";"-77";"-77";"-77";"-77";"-77";"-77";"-77";"-77";"-77";"-77";"-77";"-77";"-77";"-77";"-77"
"70";"1398";"3";"86624";"24";"2";"2";"5e6449ae5932461d728d2152";"1999";"1";"1";"1";"2";"1";"1";"1";"1";"1";"1";"2";"1";"2";"2";"2";"2";"2";"2";"2";"2";"-77";"-77";"-77";"-77";"-77";"-77";"-77";"-77";"-77";"-77";"-77";"-77";"-77";"-77";"-77";"-77";"-77";"-77";"-77";"-77";"-77";"-77";"-77";"-77";"-77";"-77";"-77";"-77";"-77";"-77";"-77";"-77";"-77";"-77";"-77";"-77";"-77";"-77";"-77";"-77";"1";"1";"1";"2";"1";"1";"1";"1";"1";"1";"2";"1";"2";"2";"2";"2";"2";"2";"2";"2"
"72";"799";"1";"86524";"25";"2";"3";"60fd3073f71ec0f0c6adfdc9";"1997";"1";"1";"1";"1";"1";"1";"1";"1";"1";"1";"2";"2";"2";"2";"2";"2";"2";"2";"2";"2";"1";"1";"1";"1";"1";"1";"1";"1";"1";"1";"2";"2";"2";"2";"2";"2";"2";"2";"2";"2";"-77";"-77";"-77";"-77";"-77";"-77";"-77";"-77";"-77";"-77";"-77";"-77";"-77";"-77";"-77";"-77";"-77";"-77";"-77";"-77";"-77";"-77";"-77";"-77";"-77";"-77";"-77";"-77";"-77";"-77";"-77";"-77";"-77";"-77";"-77";"-77";"-77";"-77";"-77";"-77"
"71";"2357";"2";"89868";"37";"1";"3";"60d2f9397932f9695f49f5f4";"36";"1";"1";"1";"1";"1";"1";"1";"1";"1";"1";"2";"2";"1";"2";"2";"2";"2";"2";"2";"2";"-77";"-77";"-77";"-77";"-77";"-77";"-77";"-77";"-77";"-77";"-77";"-77";"-77";"-77";"-77";"-77";"-77";"-77";"-77";"-77";"1";"1";"1";"1";"1";"1";"1";"1";"1";"1";"2";"2";"1";"2";"2";"2";"2";"2";"2";"2";"-77";"-77";"-77";"-77";"-77";"-77";"-77";"-77";"-77";"-77";"-77";"-77";"-77";"-77";"-77";"-77";"-77";"-77";"-77";"-77"
"82";"1064";"1";"89549";"25";"1";"3";"5e823b35726b2a9508db127c";"1998";"1";"1";"1";"2";"1";"1";"1";"1";"1";"1";"2";"2";"2";"1";"2";"2";"2";"2";"1";"2";"1";"1";"1";"2";"1";"1";"1";"1";"1";"1";"2";"2";"2";"1";"2";"2";"2";"2";"1";"2";"-77";"-77";"-77";"-77";"-77";"-77";"-77";"-77";"-77";"-77";"-77";"-77";"-77";"-77";"-77";"-77";"-77";"-77";"-77";"-77";"-77";"-77";"-77";"-77";"-77";"-77";"-77";"-77";"-77";"-77";"-77";"-77";"-77";"-77";"-77";"-77";"-77";"-77";"-77";"-77"
"83";"2633";"2";"85377";"26";"1";"2";"6475ff9e12b4b23f18f4503c";"1997";"1";"1";"1";"1";"1";"1";"1";"1";"1";"1";"2";"2";"2";"2";"2";"1";"2";"1";"2";"2";"-77";"-77";"-77";"-77";"-77";"-77";"-77";"-77";"-77";"-77";"-77";"-77";"-77";"-77";"-77";"-77";"-77";"-77";"-77";"-77";"1";"1";"1";"1";"1";"1";"1";"1";"1";"1";"2";"1";"2";"2";"2";"2";"2";"1";"2";"2";"-77";"-77";"-77";"-77";"-77";"-77";"-77";"-77";"-77";"-77";"-77";"-77";"-77";"-77";"-77";"-77";"-77";"-77";"-77";"-77"
"81";"2046";"3";"85777";"44";"1";"2";"64dfa1dc93d636aac1247e2a";"1979";"1";"1";"1";"2";"1";"1";"1";"1";"1";"1";"2";"2";"2";"2";"2";"2";"2";"2";"2";"2";"-77";"-77";"-77";"-77";"-77";"-77";"-77";"-77";"-77";"-77";"-77";"-77";"-77";"-77";"-77";"-77";"-77";"-77";"-77";"-77";"-77";"-77";"-77";"-77";"-77";"-77";"-77";"-77";"-77";"-77";"-77";"-77";"-77";"-77";"-77";"-77";"-77";"-77";"-77";"-77";"1";"1";"1";"2";"1";"1";"1";"1";"1";"1";"2";"2";"2";"2";"2";"2";"2";"2";"2";"2"
"78";"-1";"3";"85827";"34";"1";"3";"60e9a292a9d555f5b7adee9e";"1989";"1";"1";"1";"2";"1";"1";"1";"1";"1";"1";"2";"2";"2";"2";"2";"2";"2";"2";"2";"2";"-77";"-77";"-77";"-77";"-77";"-77";"-77";"-77";"-77";"-77";"-77";"-77";"-77";"-77";"-77";"-77";"-77";"-77";"-77";"-77";"-77";"-77";"-77";"-77";"-77";"-77";"-77";"-77";"-77";"-77";"-77";"-77";"-77";"-77";"-77";"-77";"-77";"-77";"-77";"-77";"1";"1";"1";"2";"1";"1";"1";"1";"1";"1";"2";"2";"2";"2";"2";"2";"2";"2";"2";"2"
"77";"-1";"2";"86768";"21";"1";"2";"609d98a41cdc16106fa64874";"2002";"1";"2";"1";"2";"1";"1";"1";"1";"2";"1";"1";"1";"1";"1";"1";"1";"2";"1";"2";"2";"-77";"-77";"-77";"-77";"-77";"-77";"-77";"-77";"-77";"-77";"-77";"-77";"-77";"-77";"-77";"-77";"-77";"-77";"-77";"-77";"1";"1";"1";"2";"2";"1";"1";"1";"1";"1";"1";"1";"1";"1";"1";"2";"2";"1";"2";"1";"-77";"-77";"-77";"-77";"-77";"-77";"-77";"-77";"-77";"-77";"-77";"-77";"-77";"-77";"-77";"-77";"-77";"-77";"-77";"-77"
"80";"1322";"1";"89734";"20";"1";"3";"613e9c495a04cf491311066a";"2002";"1";"1";"1";"2";"1";"1";"1";"1";"1";"1";"2";"1";"2";"2";"2";"2";"2";"2";"2";"1";"1";"1";"1";"2";"1";"1";"1";"1";"1";"1";"2";"1";"2";"2";"2";"2";"2";"2";"2";"1";"-77";"-77";"-77";"-77";"-77";"-77";"-77";"-77";"-77";"-77";"-77";"-77";"-77";"-77";"-77";"-77";"-77";"-77";"-77";"-77";"-77";"-77";"-77";"-77";"-77";"-77";"-77";"-77";"-77";"-77";"-77";"-77";"-77";"-77";"-77";"-77";"-77";"-77";"-77";"-77"
"84";"308";"3";"89644";"23";"1";"2";"611ce3f6bc34fda22516905d";"2000";"1";"1";"1";"2";"2";"1";"2";"1";"2";"1";"2";"1";"1";"1";"2";"2";"1";"2";"1";"1";"-77";"-77";"-77";"-77";"-77";"-77";"-77";"-77";"-77";"-77";"-77";"-77";"-77";"-77";"-77";"-77";"-77";"-77";"-77";"-77";"-77";"-77";"-77";"-77";"-77";"-77";"-77";"-77";"-77";"-77";"-77";"-77";"-77";"-77";"-77";"-77";"-77";"-77";"-77";"-77";"1";"1";"1";"2";"2";"1";"2";"1";"2";"1";"2";"1";"2";"1";"2";"2";"1";"1";"1";"2"
"86";"869";"1";"82097";"21";"2";"3";"6066605f771a5f6a09a9d171";"2001";"1";"1";"1";"2";"1";"1";"1";"1";"1";"1";"2";"2";"2";"2";"2";"2";"2";"2";"2";"2";"1";"1";"1";"2";"1";"1";"1";"1";"1";"1";"2";"2";"2";"2";"2";"2";"2";"2";"2";"2";"-77";"-77";"-77";"-77";"-77";"-77";"-77";"-77";"-77";"-77";"-77";"-77";"-77";"-77";"-77";"-77";"-77";"-77";"-77";"-77";"-77";"-77";"-77";"-77";"-77";"-77";"-77";"-77";"-77";"-77";"-77";"-77";"-77";"-77";"-77";"-77";"-77";"-77";"-77";"-77"
"85";"998";"3";"80041";"24";"2";"2";"5cf7a256c94ea5001ace5892";"1999";"1";"1";"1";"2";"1";"1";"1";"1";"1";"1";"2";"2";"2";"1";"2";"2";"2";"2";"2";"2";"-77";"-77";"-77";"-77";"-77";"-77";"-77";"-77";"-77";"-77";"-77";"-77";"-77";"-77";"-77";"-77";"-77";"-77";"-77";"-77";"-77";"-77";"-77";"-77";"-77";"-77";"-77";"-77";"-77";"-77";"-77";"-77";"-77";"-77";"-77";"-77";"-77";"-77";"-77";"-77";"1";"1";"1";"2";"1";"1";"1";"1";"1";"1";"2";"2";"2";"2";"2";"2";"2";"2";"2";"2"
"87";"900";"2";"83596";"24";"2";"2";"60b8b246724192f75f1bde20";"1999";"1";"1";"1";"2";"1";"1";"1";"1";"1";"1";"2";"2";"2";"2";"2";"1";"2";"2";"2";"2";"-77";"-77";"-77";"-77";"-77";"-77";"-77";"-77";"-77";"-77";"-77";"-77";"-77";"-77";"-77";"-77";"-77";"-77";"-77";"-77";"1";"1";"1";"2";"1";"1";"1";"1";"1";"1";"2";"2";"2";"2";"2";"1";"2";"2";"2";"2";"-77";"-77";"-77";"-77";"-77";"-77";"-77";"-77";"-77";"-77";"-77";"-77";"-77";"-77";"-77";"-77";"-77";"-77";"-77";"-77"
"88";"596";"1";"87506";"26";"2";"3";"6041d51ff984371e3b18172d";"1997";"1";"1";"1";"1";"1";"1";"1";"1";"1";"1";"2";"2";"2";"2";"2";"2";"2";"1";"2";"2";"1";"1";"1";"1";"1";"1";"1";"1";"1";"1";"2";"2";"2";"2";"2";"2";"2";"1";"2";"2";"-77";"-77";"-77";"-77";"-77";"-77";"-77";"-77";"-77";"-77";"-77";"-77";"-77";"-77";"-77";"-77";"-77";"-77";"-77";"-77";"-77";"-77";"-77";"-77";"-77";"-77";"-77";"-77";"-77";"-77";"-77";"-77";"-77";"-77";"-77";"-77";"-77";"-77";"-77";"-77"
"90";"1037";"3";"89159";"29";"2";"3";"6139f08d5ad17f719138935f";"1994";"1";"1";"1";"1";"1";"1";"1";"1";"1";"1";"2";"2";"2";"2";"2";"2";"2";"2";"2";"2";"-77";"-77";"-77";"-77";"-77";"-77";"-77";"-77";"-77";"-77";"-77";"-77";"-77";"-77";"-77";"-77";"-77";"-77";"-77";"-77";"-77";"-77";"-77";"-77";"-77";"-77";"-77";"-77";"-77";"-77";"-77";"-77";"-77";"-77";"-77";"-77";"-77";"-77";"-77";"-77";"1";"1";"1";"1";"1";"1";"1";"1";"1";"1";"2";"2";"2";"2";"2";"2";"2";"2";"2";"2"
"91";"1641";"1";"83328";"20";"2";"1";"61041810b20dd7b644737b8a";"2003";"1";"1";"1";"2";"1";"1";"1";"1";"1";"1";"2";"2";"2";"1";"2";"2";"2";"2";"2";"2";"1";"1";"1";"2";"1";"1";"1";"1";"1";"1";"2";"1";"2";"2";"2";"2";"2";"1";"2";"2";"-77";"-77";"-77";"-77";"-77";"-77";"-77";"-77";"-77";"-77";"-77";"-77";"-77";"-77";"-77";"-77";"-77";"-77";"-77";"-77";"-77";"-77";"-77";"-77";"-77";"-77";"-77";"-77";"-77";"-77";"-77";"-77";"-77";"-77";"-77";"-77";"-77";"-77";"-77";"-77"
"96";"981";"3";"84999";"36";"2";"2";"611a78efa6c36a674dc40cc6";"1987";"1";"1";"1";"1";"1";"1";"1";"1";"1";"1";"2";"2";"2";"2";"2";"2";"2";"2";"2";"2";"-77";"-77";"-77";"-77";"-77";"-77";"-77";"-77";"-77";"-77";"-77";"-77";"-77";"-77";"-77";"-77";"-77";"-77";"-77";"-77";"-77";"-77";"-77";"-77";"-77";"-77";"-77";"-77";"-77";"-77";"-77";"-77";"-77";"-77";"-77";"-77";"-77";"-77";"-77";"-77";"1";"1";"1";"1";"1";"1";"1";"1";"1";"1";"2";"2";"2";"2";"2";"2";"2";"2";"2";"2"
"95";"881";"1";"85000";"35";"1";"3";"5f913cbf314c3d000982e130";"1988";"1";"1";"1";"1";"1";"1";"1";"1";"1";"1";"2";"2";"2";"2";"2";"2";"2";"2";"2";"2";"1";"1";"1";"1";"1";"1";"1";"1";"1";"1";"2";"1";"2";"2";"2";"2";"2";"2";"2";"2";"-77";"-77";"-77";"-77";"-77";"-77";"-77";"-77";"-77";"-77";"-77";"-77";"-77";"-77";"-77";"-77";"-77";"-77";"-77";"-77";"-77";"-77";"-77";"-77";"-77";"-77";"-77";"-77";"-77";"-77";"-77";"-77";"-77";"-77";"-77";"-77";"-77";"-77";"-77";"-77"
"94";"985";"2";"89824";"38";"2";"2";"5f2f62bb956a3f34b614a33f";"1985";"1";"1";"1";"2";"1";"1";"1";"1";"1";"1";"2";"2";"2";"2";"2";"2";"2";"2";"2";"2";"-77";"-77";"-77";"-77";"-77";"-77";"-77";"-77";"-77";"-77";"-77";"-77";"-77";"-77";"-77";"-77";"-77";"-77";"-77";"-77";"1";"1";"1";"2";"1";"1";"1";"1";"1";"1";"2";"2";"2";"2";"2";"2";"2";"2";"2";"2";"-77";"-77";"-77";"-77";"-77";"-77";"-77";"-77";"-77";"-77";"-77";"-77";"-77";"-77";"-77";"-77";"-77";"-77";"-77";"-77"
"92";"1363";"2";"86443";"21";"2";"1";"64933010b2c7da9cc8cfc175";"2002";"1";"1";"1";"2";"1";"1";"1";"1";"1";"1";"2";"2";"2";"2";"2";"2";"2";"2";"2";"2";"-77";"-77";"-77";"-77";"-77";"-77";"-77";"-77";"-77";"-77";"-77";"-77";"-77";"-77";"-77";"-77";"-77";"-77";"-77";"-77";"1";"1";"1";"2";"1";"1";"1";"1";"1";"1";"2";"2";"2";"2";"2";"2";"2";"2";"2";"2";"-77";"-77";"-77";"-77";"-77";"-77";"-77";"-77";"-77";"-77";"-77";"-77";"-77";"-77";"-77";"-77";"-77";"-77";"-77";"-77"
"93";"544";"3";"88034";"22";"1";"1";"64db7c7415584f3d37c938d0";"2001";"1";"1";"1";"2";"1";"1";"1";"1";"1";"1";"2";"2";"2";"2";"2";"2";"2";"2";"2";"2";"-77";"-77";"-77";"-77";"-77";"-77";"-77";"-77";"-77";"-77";"-77";"-77";"-77";"-77";"-77";"-77";"-77";"-77";"-77";"-77";"-77";"-77";"-77";"-77";"-77";"-77";"-77";"-77";"-77";"-77";"-77";"-77";"-77";"-77";"-77";"-77";"-77";"-77";"-77";"-77";"1";"1";"1";"2";"1";"1";"1";"1";"1";"1";"2";"2";"2";"2";"2";"2";"2";"2";"2";"2"
