lfdn,duration,group,c_0002,v_age,v_gender,v_education,v_prolific_id,v_birth_year,v_solo_0,v_solo_1,v_solo_2,v_solo_3,v_solo_4,v_solo_5,v_solo_6,v_solo_7,v_solo_8,v_solo_9,v_solo_10,v_solo_11,v_solo_12,v_solo_13,v_solo_14,v_solo_15,v_solo_16,v_solo_17,v_solo_18,v_solo_19,v_group1_0,v_group1_1,v_group1_2,v_group1_3,v_group1_4,v_group1_5,v_group1_6,v_group1_7,v_group1_8,v_group1_9,v_group1_10,v_group1_11,v_group1_12,v_group1_13,v_group1_14,v_group1_15,v_group1_16,v_group1_17,v_group1_18,v_group1_19,v_group2_0,v_group2_1,v_group2_2,v_group2_3,v_group2_4,v_group2_5,v_group2_6,v_group2_7,v_group2_8,v_group2_9,v_group2_10,v_group2_11,v_group2_12,v_group2_13,v_group2_14,v_group2_15,v_group2_16,v_group2_17,v_group2_18,v_group2_19,v_group3_0,v_group3_1,v_group3_2,v_group3_3,v_group3_4,v_group3_5,v_group3_6,v_group3_7,v_group3_8,v_group3_9,v_group3_10,v_group3_11,v_group3_12,v_group3_13,v_group3_14,v_group3_15,v_group3_16,v_group3_17,v_group3_18,v_group3_19,Submission id,Participant id,Status,Started at,Completed at,Reviewed at,Archived at,Time taken,Completion code,Total approvals,Fluent languages,Age,Sex,Ethnicity simplified,Country of birth,Country of residence,Nationality,Language,Student status,Employment status,v_ai_0,v_ai_correct_0,v_solo_correct_0,v_changed_0,v_followed_ai_0,v_followed_correct_ai_0,v_followed_wrong_ai_0,v_same_as_ai_0,v_ai_1,v_ai_correct_1,v_solo_correct_1,v_changed_1,v_followed_ai_1,v_followed_correct_ai_1,v_followed_wrong_ai_1,v_same_as_ai_1,v_ai_2,v_ai_correct_2,v_solo_correct_2,v_changed_2,v_followed_ai_2,v_followed_correct_ai_2,v_followed_wrong_ai_2,v_same_as_ai_2,v_ai_3,v_ai_correct_3,v_solo_correct_3,v_changed_3,v_followed_ai_3,v_followed_correct_ai_3,v_followed_wrong_ai_3,v_same_as_ai_3,v_ai_4,v_ai_correct_4,v_solo_correct_4,v_changed_4,v_followed_ai_4,v_followed_correct_ai_4,v_followed_wrong_ai_4,v_same_as_ai_4,v_ai_5,v_ai_correct_5,v_solo_correct_5,v_changed_5,v_followed_ai_5,v_followed_correct_ai_5,v_followed_wrong_ai_5,v_same_as_ai_5,v_ai_6,v_ai_correct_6,v_solo_correct_6,v_changed_6,v_followed_ai_6,v_followed_correct_ai_6,v_followed_wrong_ai_6,v_same_as_ai_6,v_ai_7,v_ai_correct_7,v_solo_correct_7,v_changed_7,v_followed_ai_7,v_followed_correct_ai_7,v_followed_wrong_ai_7,v_same_as_ai_7,v_ai_8,v_ai_correct_8,v_solo_correct_8,v_changed_8,v_followed_ai_8,v_followed_correct_ai_8,v_followed_wrong_ai_8,v_same_as_ai_8,v_ai_9,v_ai_correct_9,v_solo_correct_9,v_changed_9,v_followed_ai_9,v_followed_correct_ai_9,v_followed_wrong_ai_9,v_same_as_ai_9,v_ai_10,v_ai_correct_10,v_solo_correct_10,v_changed_10,v_followed_ai_10,v_followed_correct_ai_10,v_followed_wrong_ai_10,v_same_as_ai_10,v_ai_11,v_ai_correct_11,v_solo_correct_11,v_changed_11,v_followed_ai_11,v_followed_correct_ai_11,v_followed_wrong_ai_11,v_same_as_ai_11,v_ai_12,v_ai_correct_12,v_solo_correct_12,v_changed_12,v_followed_ai_12,v_followed_correct_ai_12,v_followed_wrong_ai_12,v_same_as_ai_12,v_ai_13,v_ai_correct_13,v_solo_correct_13,v_changed_13,v_followed_ai_13,v_followed_correct_ai_13,v_followed_wrong_ai_13,v_same_as_ai_13,v_ai_14,v_ai_correct_14,v_solo_correct_14,v_changed_14,v_followed_ai_14,v_followed_correct_ai_14,v_followed_wrong_ai_14,v_same_as_ai_14,v_ai_15,v_ai_correct_15,v_solo_correct_15,v_changed_15,v_followed_ai_15,v_followed_correct_ai_15,v_followed_wrong_ai_15,v_same_as_ai_15,v_ai_16,v_ai_correct_16,v_solo_correct_16,v_changed_16,v_followed_ai_16,v_followed_correct_ai_16,v_followed_wrong_ai_16,v_same_as_ai_16,v_ai_17,v_ai_correct_17,v_solo_correct_17,v_changed_17,v_followed_ai_17,v_followed_correct_ai_17,v_followed_wrong_ai_17,v_same_as_ai_17,v_ai_18,v_ai_correct_18,v_solo_correct_18,v_changed_18,v_followed_ai_18,v_followed_correct_ai_18,v_followed_wrong_ai_18,v_same_as_ai_18,v_ai_19,v_ai_correct_19,v_solo_correct_19,v_changed_19,v_followed_ai_19,v_followed_correct_ai_19,v_followed_wrong_ai_19,v_same_as_ai_19,v_ai_correct_sum,v_solo_correct_sum,v_changed_sum,v_followed_ai_sum,v_followed_correct_ai_sum,v_followed_wrong_ai_sum,v_same_as_ai_sum
10,889,2,82401,41,male,high school,5ab15ab4c42b630001cd36fb,1982,pos,pos,pos,neg,pos,pos,pos,pos,pos,pos,neg,neg,neg,neg,neg,neg,neg,neg,neg,neg,null,null,null,null,null,null,null,null,null,null,null,null,null,null,null,null,null,null,null,null,pos,pos,pos,neg,pos,pos,pos,pos,pos,pos,neg,neg,neg,neg,neg,neg,neg,neg,neg,neg,null,null,null,null,null,null,null,null,null,null,null,null,null,null,null,null,null,null,null,null,64ecd40a99e8f5b08a220d97,5ab15ab4c42b630001cd36fb,APPROVED,2023-08-28T17:06:25.751000Z,2023-08-28T17:21:46.966000Z,2023-08-29T14:24:33.662000,2023-08-28T17:21:47.509705Z,922,CUDW63K0,693,"English, Hungarian",41,Male,White,Hungary,Hungary,Hungary,Hungarian,No,Unemployed (and job seeking),pos,1,1,0,0,0,0,1,pos,1,1,0,0,0,0,1,pos,1,1,0,0,0,0,1,neg,0,0,0,0,0,0,1,pos,1,1,0,0,0,0,1,pos,1,1,0,0,0,0,1,pos,1,1,0,0,0,0,1,pos,1,1,0,0,0,0,1,pos,1,1,0,0,0,0,1,pos,1,1,0,0,0,0,1,neg,1,1,0,0,0,0,1,neg,1,1,0,0,0,0,0,neg,1,1,0,0,0,0,1,neg,1,1,0,0,0,0,1,neg,1,1,0,0,0,0,1,neg,1,1,0,0,0,0,1,neg,1,1,0,0,0,0,1,neg,1,1,0,0,0,0,0,neg,1,1,0,0,0,0,1,neg,1,1,0,0,0,0,1,19,19,0,0,0,0,18
14,1286,1,82687,35,male,doctor,5680a047c5767f00121cca5e,1988,pos,pos,pos,neg,pos,pos,pos,pos,pos,pos,neg,neg,neg,neg,neg,neg,neg,neg,neg,neg,pos,pos,pos,neg,pos,pos,pos,pos,pos,pos,neg,neg,neg,neg,neg,neg,neg,neg,neg,neg,null,null,null,null,null,null,null,null,null,null,null,null,null,null,null,null,null,null,null,null,null,null,null,null,null,null,null,null,null,null,null,null,null,null,null,null,null,null,null,null,64ecd401b2a8b9bef9c78e9b,5680a047c5767f00121cca5e,APPROVED,2023-08-28T17:06:26.927000Z,2023-08-28T17:28:50.820000Z,2023-08-29T14:24:33.471000,2023-08-28T17:28:51.410032Z,1344,CUDW63K0,26,"English, Portuguese, Spanish",35,Male,White,Portugal,Portugal,Portugal,Portuguese,No,Full-Time,pos,1,1,0,0,0,0,1,pos,1,1,0,0,0,0,1,pos,1,1,0,0,0,0,1,neg,0,0,0,0,0,0,1,pos,1,1,0,0,0,0,1,pos,1,1,0,0,0,0,1,pos,1,1,0,0,0,0,1,pos,1,1,0,0,0,0,1,pos,1,1,0,0,0,0,1,pos,1,1,0,0,0,0,1,neg,1,1,0,0,0,0,1,neg,1,1,0,0,0,0,0,neg,1,1,0,0,0,0,1,neg,1,1,0,0,0,0,1,neg,1,1,0,0,0,0,1,neg,1,1,0,0,0,0,1,neg,1,1,0,0,0,0,1,neg,1,1,0,0,0,0,0,neg,1,1,0,0,0,0,1,neg,1,1,0,0,0,0,1,19,19,0,0,0,0,18
13,766,3,82995,29,male,high school,5f733312e59fd2000a74b8cf,1994,pos,pos,pos,neg,pos,pos,pos,pos,pos,pos,neg,neg,neg,neg,neg,neg,neg,pos,neg,neg,null,null,null,null,null,null,null,null,null,null,null,null,null,null,null,null,null,null,null,null,null,null,null,null,null,null,null,null,null,null,null,null,null,null,null,null,null,null,null,null,pos,pos,pos,neg,pos,pos,pos,pos,pos,pos,neg,neg,neg,pos,neg,neg,neg,pos,pos,neg,64ecd41f3639fc43fb68fdf6,5f733312e59fd2000a74b8cf,APPROVED,2023-08-28T17:06:39.471000Z,2023-08-28T17:20:01.541000Z,2023-08-29T14:24:33.829000,2023-08-28T17:20:02.046719Z,803,CUDW63K0,228,"Portuguese, English",29,Male,White,Portugal,Portugal,Portugal,Portuguese,DATA_EXPIRED,Unemployed (and job seeking),pos,1,1,0,0,0,0,1,pos,1,1,0,0,0,0,1,pos,1,1,0,0,0,0,1,neg,0,0,0,0,0,0,1,pos,1,1,0,0,0,0,1,pos,1,1,0,0,0,0,1,pos,1,1,0,0,0,0,1,pos,1,1,0,0,0,0,1,pos,1,1,0,0,0,0,1,pos,1,1,0,0,0,0,1,neg,1,1,0,0,0,0,1,neg,1,1,0,0,0,0,0,neg,1,1,0,0,0,0,1,pos,0,1,1,0,0,0,0,neg,1,1,0,0,0,0,1,neg,1,1,0,0,0,0,1,neg,1,1,0,0,0,0,1,pos,0,0,0,0,0,0,1,pos,0,1,1,0,0,0,0,neg,1,1,0,0,0,0,1,16,18,2,0,0,0,17
21,966,1,81095,26,female,bachelor,6170909684361d99aca08169,1997,pos,pos,pos,neg,pos,pos,pos,pos,pos,pos,neg,neg,neg,neg,neg,neg,neg,neg,neg,neg,pos,pos,pos,neg,pos,pos,pos,pos,pos,pos,neg,neg,neg,neg,neg,neg,neg,neg,neg,neg,null,null,null,null,null,null,null,null,null,null,null,null,null,null,null,null,null,null,null,null,null,null,null,null,null,null,null,null,null,null,null,null,null,null,null,null,null,null,null,null,64ecd4212e1d02e86aff3d2b,6170909684361d99aca08169,APPROVED,2023-08-28T17:06:41.104000Z,2023-08-28T17:23:57.201000Z,2023-08-29T14:24:43.971000,2023-08-28T17:23:58.682174Z,1037,CUDW63K0,62,"English, Italian, Spanish",26,Female,White,Mexico,Mexico,Mexico,Spanish,No,Full-Time,pos,1,1,0,0,0,0,1,pos,1,1,0,0,0,0,1,pos,1,1,0,0,0,0,1,neg,0,0,0,0,0,0,1,pos,1,1,0,0,0,0,1,pos,1,1,0,0,0,0,1,pos,1,1,0,0,0,0,1,pos,1,1,0,0,0,0,1,pos,1,1,0,0,0,0,1,pos,1,1,0,0,0,0,1,neg,1,1,0,0,0,0,1,neg,1,1,0,0,0,0,0,neg,1,1,0,0,0,0,1,neg,1,1,0,0,0,0,1,neg,1,1,0,0,0,0,1,neg,1,1,0,0,0,0,1,neg,1,1,0,0,0,0,1,neg,1,1,0,0,0,0,0,neg,1,1,0,0,0,0,1,neg,1,1,0,0,0,0,1,19,19,0,0,0,0,18
19,1224,3,82943,22,diverse,bachelor,5d1cc1adb50874001a5792c8,2000,pos,pos,pos,pos,pos,pos,pos,pos,pos,pos,neg,neg,neg,neg,neg,neg,neg,neg,neg,neg,null,null,null,null,null,null,null,null,null,null,null,null,null,null,null,null,null,null,null,null,null,null,null,null,null,null,null,null,null,null,null,null,null,null,null,null,null,null,null,null,pos,pos,pos,pos,pos,pos,pos,pos,pos,pos,neg,neg,neg,neg,neg,neg,neg,neg,neg,neg,64ecd415dd485f338e0d383d,5d1cc1adb50874001a5792c8,APPROVED,2023-08-28T17:06:44.765000Z,2023-08-28T17:27:55.817000Z,2023-08-29T14:24:43.586000,2023-08-28T17:27:56.812467Z,1272,CUDW63K0,17,"English, Polish",22,Female,White,Poland,Poland,Poland,Polish,Yes,Part-Time,pos,1,1,0,0,0,0,1,pos,1,1,0,0,0,0,1,pos,1,1,0,0,0,0,1,pos,1,1,0,0,0,0,0,pos,1,1,0,0,0,0,1,pos,1,1,0,0,0,0,1,pos,1,1,0,0,0,0,1,pos,1,1,0,0,0,0,1,pos,1,1,0,0,0,0,1,pos,1,1,0,0,0,0,1,neg,1,1,0,0,0,0,1,neg,1,1,0,0,0,0,0,neg,1,1,0,0,0,0,1,neg,1,1,0,0,0,0,1,neg,1,1,0,0,0,0,1,neg,1,1,0,0,0,0,1,neg,1,1,0,0,0,0,1,neg,1,1,0,0,0,0,0,neg,1,1,0,0,0,0,1,neg,1,1,0,0,0,0,1,20,20,0,0,0,0,17
12,1606,1,83529,21,male,high school,61364af9841cf1fbe72e1b3d,2002,pos,pos,pos,pos,pos,pos,pos,pos,pos,pos,neg,neg,neg,neg,neg,pos,neg,neg,neg,neg,pos,pos,pos,pos,pos,pos,pos,pos,pos,pos,neg,neg,neg,neg,neg,pos,neg,pos,neg,neg,null,null,null,null,null,null,null,null,null,null,null,null,null,null,null,null,null,null,null,null,null,null,null,null,null,null,null,null,null,null,null,null,null,null,null,null,null,null,null,null,64ecd42634685cb5d3ea69af,61364af9841cf1fbe72e1b3d,APPROVED,2023-08-28T17:06:46.832000Z,2023-08-28T17:33:55.482000Z,2023-08-29T14:24:34.169000,2023-08-28T17:33:58.013199Z,1629,CUDW63K0,238,"Polish, English",21,Male,White,Poland,Poland,Poland,Polish,No,Unemployed (and job seeking),pos,1,1,0,0,0,0,1,pos,1,1,0,0,0,0,1,pos,1,1,0,0,0,0,1,pos,1,1,0,0,0,0,0,pos,1,1,0,0,0,0,1,pos,1,1,0,0,0,0,1,pos,1,1,0,0,0,0,1,pos,1,1,0,0,0,0,1,pos,1,1,0,0,0,0,1,pos,1,1,0,0,0,0,1,neg,1,1,0,0,0,0,1,neg,1,1,0,0,0,0,0,neg,1,1,0,0,0,0,1,neg,1,1,0,0,0,0,1,neg,1,1,0,0,0,0,1,pos,0,0,0,0,0,0,0,neg,1,1,0,0,0,0,1,pos,0,1,1,1,0,1,1,neg,1,1,0,0,0,0,1,neg,1,1,0,0,0,0,1,18,19,1,1,0,1,17
11,736,3,81655,34,male,bachelor,5fad2c4ca80aee3be288e06b,1988,pos,pos,pos,neg,pos,pos,pos,pos,pos,pos,neg,neg,neg,neg,neg,neg,neg,neg,neg,neg,null,null,null,null,null,null,null,null,null,null,null,null,null,null,null,null,null,null,null,null,null,null,null,null,null,null,null,null,null,null,null,null,null,null,null,null,null,null,null,null,pos,pos,pos,neg,pos,pos,pos,pos,pos,pos,neg,neg,neg,neg,neg,neg,neg,neg,neg,neg,64ecd421f5384d0353315f95,5fad2c4ca80aee3be288e06b,APPROVED,2023-08-28T17:06:47.781000Z,2023-08-28T17:19:22.842000Z,2023-08-29T14:24:33.994000,2023-08-28T17:19:35.835995Z,756,CUDW63K0,79,"Hungarian, English",34,Male,White,Hungary,Hungary,Hungary,Hungarian,No,Other,pos,1,1,0,0,0,0,1,pos,1,1,0,0,0,0,1,pos,1,1,0,0,0,0,1,neg,0,0,0,0,0,0,1,pos,1,1,0,0,0,0,1,pos,1,1,0,0,0,0,1,pos,1,1,0,0,0,0,1,pos,1,1,0,0,0,0,1,pos,1,1,0,0,0,0,1,pos,1,1,0,0,0,0,1,neg,1,1,0,0,0,0,1,neg,1,1,0,0,0,0,0,neg,1,1,0,0,0,0,1,neg,1,1,0,0,0,0,1,neg,1,1,0,0,0,0,1,neg,1,1,0,0,0,0,1,neg,1,1,0,0,0,0,1,neg,1,1,0,0,0,0,0,neg,1,1,0,0,0,0,1,neg,1,1,0,0,0,0,1,19,19,0,0,0,0,18
24,497,3,84103,24,female,bachelor,613a80b807ce434753f76d77,1999,neg,pos,pos,pos,pos,pos,pos,pos,neg,neg,neg,pos,neg,pos,neg,neg,neg,neg,neg,neg,null,null,null,null,null,null,null,null,null,null,null,null,null,null,null,null,null,null,null,null,null,null,null,null,null,null,null,null,null,null,null,null,null,null,null,null,null,null,null,null,pos,pos,pos,pos,pos,pos,pos,pos,neg,pos,neg,pos,neg,neg,neg,neg,neg,pos,neg,neg,64ecd4169d82d928009a9cb1,613a80b807ce434753f76d77,APPROVED,2023-08-28T17:06:48.268000Z,2023-08-28T17:16:09.759000Z,2023-08-29T14:24:43.813000,2023-08-28T17:16:10.318054Z,562,CUDW63K0,67,"English, Spanish",24,Female,Mixed,Mexico,Mexico,Mexico,Spanish,DATA_EXPIRED,DATA_EXPIRED,pos,1,0,1,1,1,0,1,pos,1,1,0,0,0,0,1,pos,1,1,0,0,0,0,1,pos,1,1,0,0,0,0,0,pos,1,1,0,0,0,0,1,pos,1,1,0,0,0,0,1,pos,1,1,0,0,0,0,1,pos,1,1,0,0,0,0,1,neg,0,0,0,0,0,0,0,pos,1,0,1,1,1,0,1,neg,1,1,0,0,0,0,1,pos,0,0,0,0,0,0,1,neg,1,1,0,0,0,0,1,neg,1,0,1,1,1,0,1,neg,1,1,0,0,0,0,1,neg,1,1,0,0,0,0,1,neg,1,1,0,0,0,0,1,pos,0,1,1,1,0,1,1,neg,1,1,0,0,0,0,1,neg,1,1,0,0,0,0,1,17,15,4,4,3,1,18
17,718,1,89418,42,female,high school,5dc04c29a9e74e476faa7628,1981,neg,pos,pos,neg,pos,pos,neg,pos,pos,neg,neg,neg,pos,neg,neg,neg,neg,neg,neg,neg,neg,pos,pos,neg,pos,pos,pos,pos,pos,neg,neg,pos,pos,neg,neg,neg,neg,neg,neg,neg,null,null,null,null,null,null,null,null,null,null,null,null,null,null,null,null,null,null,null,null,null,null,null,null,null,null,null,null,null,null,null,null,null,null,null,null,null,null,null,null,64ecd4375c9552643d16679f,5dc04c29a9e74e476faa7628,APPROVED,2023-08-28T17:07:06.983000Z,2023-08-28T17:19:21.814000Z,2023-08-29T14:24:45.053000,2023-08-28T17:19:34.896380Z,735,CUDW63K0,108,English,42,Female,White,United Kingdom,United Kingdom,United Kingdom,English,No,Other,neg,0,0,0,0,0,0,0,pos,1,1,0,0,0,0,1,pos,1,1,0,0,0,0,1,neg,0,0,0,0,0,0,1,pos,1,1,0,0,0,0,1,pos,1,1,0,0,0,0,1,pos,1,0,1,1,1,0,1,pos,1,1,0,0,0,0,1,pos,1,1,0,0,0,0,1,neg,0,0,0,0,0,0,0,neg,1,1,0,0,0,0,1,pos,0,1,1,1,0,1,1,pos,0,0,0,0,0,0,0,neg,1,1,0,0,0,0,1,neg,1,1,0,0,0,0,1,neg,1,1,0,0,0,0,1,neg,1,1,0,0,0,0,1,neg,1,1,0,0,0,0,0,neg,1,1,0,0,0,0,1,neg,1,1,0,0,0,0,1,15,15,2,2,1,1,16
18,312,3,89109,21,male,bachelor,5f54ad0cbb2be4806841d75c,2001,pos,pos,pos,neg,pos,pos,pos,pos,pos,pos,neg,neg,neg,neg,neg,neg,neg,neg,neg,neg,null,null,null,null,null,null,null,null,null,null,null,null,null,null,null,null,null,null,null,null,null,null,null,null,null,null,null,null,null,null,null,null,null,null,null,null,null,null,null,null,pos,pos,pos,neg,pos,pos,pos,pos,pos,pos,neg,neg,neg,neg,neg,neg,neg,neg,neg,neg,64ecd43c6de75e1ee558905f,5f54ad0cbb2be4806841d75c,APPROVED,2023-08-28T17:07:10.588000Z,2023-08-28T17:12:37.718000Z,2023-08-29T14:24:34.346000,2023-08-28T17:12:38.311331Z,328,CUDW63K0,370,"English, Italian",21,Male,White,Italy,Italy,Italy,Italian,Yes,Other,pos,1,1,0,0,0,0,1,pos,1,1,0,0,0,0,1,pos,1,1,0,0,0,0,1,neg,0,0,0,0,0,0,1,pos,1,1,0,0,0,0,1,pos,1,1,0,0,0,0,1,pos,1,1,0,0,0,0,1,pos,1,1,0,0,0,0,1,pos,1,1,0,0,0,0,1,pos,1,1,0,0,0,0,1,neg,1,1,0,0,0,0,1,neg,1,1,0,0,0,0,0,neg,1,1,0,0,0,0,1,neg,1,1,0,0,0,0,1,neg,1,1,0,0,0,0,1,neg,1,1,0,0,0,0,1,neg,1,1,0,0,0,0,1,neg,1,1,0,0,0,0,0,neg,1,1,0,0,0,0,1,neg,1,1,0,0,0,0,1,19,19,0,0,0,0,18
23,1034,2,86750,27,female,bachelor,5f8632cff7f4b1181047057d,1995,pos,pos,pos,neg,pos,pos,pos,pos,pos,pos,neg,neg,neg,neg,neg,neg,neg,neg,neg,neg,null,null,null,null,null,null,null,null,null,null,null,null,null,null,null,null,null,null,null,null,pos,pos,pos,neg,pos,pos,pos,pos,pos,pos,neg,neg,neg,neg,neg,neg,neg,neg,neg,neg,null,null,null,null,null,null,null,null,null,null,null,null,null,null,null,null,null,null,null,null,64ecd42fbb99cbb9680b19b0,5f8632cff7f4b1181047057d,APPROVED,2023-08-28T17:07:07.920000Z,2023-08-28T17:25:05.857000Z,2023-08-29T14:24:44.324000,2023-08-28T17:25:06.342416Z,1078,CUDW63K0,205,"Spanish, English",27,Female,Other,Mexico,Mexico,Mexico,Spanish,Yes,Unemployed (and job seeking),pos,1,1,0,0,0,0,1,pos,1,1,0,0,0,0,1,pos,1,1,0,0,0,0,1,neg,0,0,0,0,0,0,1,pos,1,1,0,0,0,0,1,pos,1,1,0,0,0,0,1,pos,1,1,0,0,0,0,1,pos,1,1,0,0,0,0,1,pos,1,1,0,0,0,0,1,pos,1,1,0,0,0,0,1,neg,1,1,0,0,0,0,1,neg,1,1,0,0,0,0,0,neg,1,1,0,0,0,0,1,neg,1,1,0,0,0,0,1,neg,1,1,0,0,0,0,1,neg,1,1,0,0,0,0,1,neg,1,1,0,0,0,0,1,neg,1,1,0,0,0,0,0,neg,1,1,0,0,0,0,1,neg,1,1,0,0,0,0,1,19,19,0,0,0,0,18
15,984,2,83426,38,male,bachelor,608c11f91f51a4297ce3b213,1984,pos,pos,pos,neg,pos,pos,pos,pos,pos,pos,neg,neg,neg,neg,neg,neg,neg,neg,neg,neg,null,null,null,null,null,null,null,null,null,null,null,null,null,null,null,null,null,null,null,null,pos,pos,pos,neg,pos,pos,pos,pos,pos,pos,neg,neg,neg,neg,neg,neg,neg,neg,neg,neg,null,null,null,null,null,null,null,null,null,null,null,null,null,null,null,null,null,null,null,null,64ecd43f259607c7e35c5147,608c11f91f51a4297ce3b213,APPROVED,2023-08-28T17:07:11.388000Z,2023-08-28T17:23:47.448000Z,2023-08-29T14:24:34.536000,2023-08-28T17:23:48.095252Z,997,CUDW63K0,202,"English, Portuguese",38,Male,White,Portugal,Portugal,Portugal,Portuguese,No,Full-Time,pos,1,1,0,0,0,0,1,pos,1,1,0,0,0,0,1,pos,1,1,0,0,0,0,1,neg,0,0,0,0,0,0,1,pos,1,1,0,0,0,0,1,pos,1,1,0,0,0,0,1,pos,1,1,0,0,0,0,1,pos,1,1,0,0,0,0,1,pos,1,1,0,0,0,0,1,pos,1,1,0,0,0,0,1,neg,1,1,0,0,0,0,1,neg,1,1,0,0,0,0,0,neg,1,1,0,0,0,0,1,neg,1,1,0,0,0,0,1,neg,1,1,0,0,0,0,1,neg,1,1,0,0,0,0,1,neg,1,1,0,0,0,0,1,neg,1,1,0,0,0,0,0,neg,1,1,0,0,0,0,1,neg,1,1,0,0,0,0,1,19,19,0,0,0,0,18
31,1986,3,83366,23,female,bachelor,60026ffbf37ef427e9384f56,1999,pos,pos,pos,pos,pos,pos,pos,pos,pos,pos,neg,neg,neg,neg,neg,neg,neg,neg,neg,neg,null,null,null,null,null,null,null,null,null,null,null,null,null,null,null,null,null,null,null,null,null,null,null,null,null,null,null,null,null,null,null,null,null,null,null,null,null,null,null,null,pos,pos,pos,pos,pos,pos,pos,pos,pos,pos,neg,neg,neg,neg,neg,neg,neg,pos,neg,neg,64ecd43ce9eccb4e53617182,60026ffbf37ef427e9384f56,APPROVED,2023-08-28T17:07:11.083000Z,2023-08-28T17:41:15.138000Z,2023-08-29T14:24:45.484000,2023-08-28T17:41:16.378573Z,2045,CUDW63K0,151,"English, Spanish",23,Female,White,Mexico,Mexico,Mexico,Spanish,No,Unemployed (and job seeking),pos,1,1,0,0,0,0,1,pos,1,1,0,0,0,0,1,pos,1,1,0,0,0,0,1,pos,1,1,0,0,0,0,0,pos,1,1,0,0,0,0,1,pos,1,1,0,0,0,0,1,pos,1,1,0,0,0,0,1,pos,1,1,0,0,0,0,1,pos,1,1,0,0,0,0,1,pos,1,1,0,0,0,0,1,neg,1,1,0,0,0,0,1,neg,1,1,0,0,0,0,0,neg,1,1,0,0,0,0,1,neg,1,1,0,0,0,0,1,neg,1,1,0,0,0,0,1,neg,1,1,0,0,0,0,1,neg,1,1,0,0,0,0,1,pos,0,1,1,1,0,1,1,neg,1,1,0,0,0,0,1,neg,1,1,0,0,0,0,1,19,20,1,1,0,1,18
26,938,1,88301,30,male,bachelor,5756f43aae3fc40006e1ddfe,1993,pos,pos,pos,pos,pos,pos,pos,pos,pos,pos,neg,neg,neg,neg,neg,pos,neg,neg,neg,neg,pos,pos,pos,pos,pos,pos,pos,pos,pos,pos,neg,neg,neg,neg,neg,pos,neg,neg,neg,neg,null,null,null,null,null,null,null,null,null,null,null,null,null,null,null,null,null,null,null,null,null,null,null,null,null,null,null,null,null,null,null,null,null,null,null,null,null,null,null,null,64ecd445d887afb288473890,5756f43aae3fc40006e1ddfe,APPROVED,2023-08-28T17:07:17.433000Z,2023-08-28T17:23:33.914000Z,2023-08-29T14:24:34.719000,2023-08-28T17:23:34.452044Z,977,CUDW63K0,451,"Greek, English, French",30,Male,White,Greece,Greece,Greece,Greek,No,Full-Time,pos,1,1,0,0,0,0,1,pos,1,1,0,0,0,0,1,pos,1,1,0,0,0,0,1,pos,1,1,0,0,0,0,0,pos,1,1,0,0,0,0,1,pos,1,1,0,0,0,0,1,pos,1,1,0,0,0,0,1,pos,1,1,0,0,0,0,1,pos,1,1,0,0,0,0,1,pos,1,1,0,0,0,0,1,neg,1,1,0,0,0,0,1,neg,1,1,0,0,0,0,0,neg,1,1,0,0,0,0,1,neg,1,1,0,0,0,0,1,neg,1,1,0,0,0,0,1,pos,0,0,0,0,0,0,0,neg,1,1,0,0,0,0,1,neg,1,1,0,0,0,0,0,neg,1,1,0,0,0,0,1,neg,1,1,0,0,0,0,1,19,19,0,0,0,0,16
43,881,2,84669,23,female,bachelor,5f0af202ec6afa02e8db0daf,2000,pos,pos,pos,neg,pos,pos,pos,pos,pos,pos,neg,neg,neg,neg,neg,neg,neg,pos,neg,neg,null,null,null,null,null,null,null,null,null,null,null,null,null,null,null,null,null,null,null,null,pos,pos,pos,neg,pos,pos,pos,pos,pos,pos,neg,neg,neg,neg,neg,neg,neg,pos,neg,neg,null,null,null,null,null,null,null,null,null,null,null,null,null,null,null,null,null,null,null,null,64ecd4498dfef05d293a01d6,5f0af202ec6afa02e8db0daf,APPROVED,2023-08-28T17:07:21.488000Z,2023-08-28T17:23:25.067000Z,2023-08-29T14:24:45.791000,2023-08-28T17:23:25.827407Z,964,CUDW63K0,261,English,23,Female,White,Poland,Poland,Poland,Polish,No,Part-Time,pos,1,1,0,0,0,0,1,pos,1,1,0,0,0,0,1,pos,1,1,0,0,0,0,1,neg,0,0,0,0,0,0,1,pos,1,1,0,0,0,0,1,pos,1,1,0,0,0,0,1,pos,1,1,0,0,0,0,1,pos,1,1,0,0,0,0,1,pos,1,1,0,0,0,0,1,pos,1,1,0,0,0,0,1,neg,1,1,0,0,0,0,1,neg,1,1,0,0,0,0,0,neg,1,1,0,0,0,0,1,neg,1,1,0,0,0,0,1,neg,1,1,0,0,0,0,1,neg,1,1,0,0,0,0,1,neg,1,1,0,0,0,0,1,pos,0,0,0,0,0,0,1,neg,1,1,0,0,0,0,1,neg,1,1,0,0,0,0,1,18,18,0,0,0,0,19
30,2433,3,83750,41,diverse,high school,5cead73185712e00190bcf17,1982,pos,pos,pos,pos,pos,pos,pos,pos,pos,pos,neg,neg,neg,neg,neg,neg,neg,neg,neg,neg,null,null,null,null,null,null,null,null,null,null,null,null,null,null,null,null,null,null,null,null,null,null,null,null,null,null,null,null,null,null,null,null,null,null,null,null,null,null,null,null,pos,pos,pos,pos,pos,pos,pos,pos,pos,pos,neg,neg,neg,neg,neg,neg,neg,neg,neg,neg,64ecd44404cd5b32533dd29c,5cead73185712e00190bcf17,APPROVED,2023-08-28T17:07:21.135000Z,2023-08-28T17:49:04.945000Z,2023-08-29T14:24:45.626000,2023-08-28T17:49:05.527030Z,2504,CUDW63K0,431,English,41,Female,Other,United States,United States,United States,English,DATA_EXPIRED,DATA_EXPIRED,pos,1,1,0,0,0,0,1,pos,1,1,0,0,0,0,1,pos,1,1,0,0,0,0,1,pos,1,1,0,0,0,0,0,pos,1,1,0,0,0,0,1,pos,1,1,0,0,0,0,1,pos,1,1,0,0,0,0,1,pos,1,1,0,0,0,0,1,pos,1,1,0,0,0,0,1,pos,1,1,0,0,0,0,1,neg,1,1,0,0,0,0,1,neg,1,1,0,0,0,0,0,neg,1,1,0,0,0,0,1,neg,1,1,0,0,0,0,1,neg,1,1,0,0,0,0,1,neg,1,1,0,0,0,0,1,neg,1,1,0,0,0,0,1,neg,1,1,0,0,0,0,0,neg,1,1,0,0,0,0,1,neg,1,1,0,0,0,0,1,20,20,0,0,0,0,17
20,470,2,80971,36,female,high school,5dea7a7df87f5519e686ff7b,1986,pos,pos,pos,neg,pos,pos,pos,pos,pos,pos,neg,neg,neg,neg,neg,neg,neg,neg,neg,neg,null,null,null,null,null,null,null,null,null,null,null,null,null,null,null,null,null,null,null,null,pos,pos,pos,neg,pos,pos,pos,pos,pos,pos,neg,neg,neg,neg,neg,neg,neg,neg,neg,neg,null,null,null,null,null,null,null,null,null,null,null,null,null,null,null,null,null,null,null,null,64ecd4310ce848c811ce9be9,5dea7a7df87f5519e686ff7b,APPROVED,2023-08-28T17:07:10.797000Z,2023-08-28T17:15:27.818000Z,2023-08-29T14:24:44.472000,2023-08-28T17:15:28.487172Z,498,CUDW63K0,3088,English,36,Female,White,United States,United States,United States,English,DATA_EXPIRED,DATA_EXPIRED,pos,1,1,0,0,0,0,1,pos,1,1,0,0,0,0,1,pos,1,1,0,0,0,0,1,neg,0,0,0,0,0,0,1,pos,1,1,0,0,0,0,1,pos,1,1,0,0,0,0,1,pos,1,1,0,0,0,0,1,pos,1,1,0,0,0,0,1,pos,1,1,0,0,0,0,1,pos,1,1,0,0,0,0,1,neg,1,1,0,0,0,0,1,neg,1,1,0,0,0,0,0,neg,1,1,0,0,0,0,1,neg,1,1,0,0,0,0,1,neg,1,1,0,0,0,0,1,neg,1,1,0,0,0,0,1,neg,1,1,0,0,0,0,1,neg,1,1,0,0,0,0,0,neg,1,1,0,0,0,0,1,neg,1,1,0,0,0,0,1,19,19,0,0,0,0,18
65,741,3,86147,29,male,bachelor,5b62d2ef4e945800017e6c02,1993,neg,neg,pos,neg,pos,neg,pos,pos,neg,pos,neg,neg,pos,neg,pos,neg,neg,pos,neg,neg,null,null,null,null,null,null,null,null,null,null,null,null,null,null,null,null,null,null,null,null,null,null,null,null,null,null,null,null,null,null,null,null,null,null,null,null,null,null,null,null,neg,pos,pos,neg,pos,neg,pos,pos,neg,pos,neg,pos,neg,neg,pos,neg,neg,pos,pos,neg,64ecd44e969a08bacfe82588,5b62d2ef4e945800017e6c02,APPROVED,2023-08-28T17:07:26.227000Z,2023-08-28T17:22:22.810000Z,2023-08-29T14:24:35.061000,2023-08-28T17:22:29.642493Z,897,CUDW63K0,172,"English, Ukrainian, Spanish",29,Male,White,Ukraine,Spain,Ukraine,Russian,No,Unemployed (and job seeking),neg,0,0,0,0,0,0,0,pos,1,0,1,1,1,0,1,pos,1,1,0,0,0,0,1,neg,0,0,0,0,0,0,1,pos,1,1,0,0,0,0,1,neg,0,0,0,0,0,0,0,pos,1,1,0,0,0,0,1,pos,1,1,0,0,0,0,1,neg,0,0,0,0,0,0,0,pos,1,1,0,0,0,0,1,neg,1,1,0,0,0,0,1,pos,0,1,1,1,0,1,1,neg,1,0,1,1,1,0,1,neg,1,1,0,0,0,0,1,pos,0,0,0,0,0,0,0,neg,1,1,0,0,0,0,1,neg,1,1,0,0,0,0,1,pos,0,0,0,0,0,0,1,pos,0,1,1,0,0,0,0,neg,1,1,0,0,0,0,1,12,12,4,3,2,1,15
27,672,3,85977,34,male,bachelor,6119524b5877c4cb0bffad42,1989,pos,pos,pos,neg,pos,pos,pos,pos,pos,pos,neg,neg,neg,neg,neg,pos,neg,neg,neg,neg,null,null,null,null,null,null,null,null,null,null,null,null,null,null,null,null,null,null,null,null,null,null,null,null,null,null,null,null,null,null,null,null,null,null,null,null,null,null,null,null,pos,pos,pos,neg,pos,pos,pos,pos,pos,pos,neg,neg,neg,neg,neg,pos,neg,pos,neg,neg,64ecd44d5049cc9e91c80bd3,6119524b5877c4cb0bffad42,APPROVED,2023-08-28T17:07:25.262000Z,2023-08-28T17:19:13.639000Z,2023-08-29T14:24:34.900000,2023-08-28T17:19:19.034009Z,709,CUDW63K0,348,"Greek, English",34,Male,White,Greece,Greece,Greece,Greek,No,Full-Time,pos,1,1,0,0,0,0,1,pos,1,1,0,0,0,0,1,pos,1,1,0,0,0,0,1,neg,0,0,0,0,0,0,1,pos,1,1,0,0,0,0,1,pos,1,1,0,0,0,0,1,pos,1,1,0,0,0,0,1,pos,1,1,0,0,0,0,1,pos,1,1,0,0,0,0,1,pos,1,1,0,0,0,0,1,neg,1,1,0,0,0,0,1,neg,1,1,0,0,0,0,0,neg,1,1,0,0,0,0,1,neg,1,1,0,0,0,0,1,neg,1,1,0,0,0,0,1,pos,0,0,0,0,0,0,0,neg,1,1,0,0,0,0,1,pos,0,1,1,1,0,1,1,neg,1,1,0,0,0,0,1,neg,1,1,0,0,0,0,1,17,18,1,1,0,1,18
33,1777,1,81968,20,female,high school,61323841c9efa7918f8e078b,2002,pos,pos,pos,neg,pos,pos,pos,pos,pos,pos,neg,neg,neg,neg,neg,neg,neg,neg,neg,neg,pos,pos,pos,neg,pos,pos,pos,pos,pos,pos,neg,neg,neg,neg,neg,neg,neg,pos,neg,neg,null,null,null,null,null,null,null,null,null,null,null,null,null,null,null,null,null,null,null,null,null,null,null,null,null,null,null,null,null,null,null,null,null,null,null,null,null,null,null,null,64ecd438fd02882c9bfd4d1b,61323841c9efa7918f8e078b,APPROVED,2023-08-28T17:07:10.811000Z,2023-08-28T17:37:47.748000Z,2023-08-29T14:24:45.342000,2023-08-28T17:38:54.175277Z,1837,CUDW63K0,64,"English, Polish",20,Female,White,Poland,Poland,Poland,Polish,Yes,Full-Time,pos,1,1,0,0,0,0,1,pos,1,1,0,0,0,0,1,pos,1,1,0,0,0,0,1,neg,0,0,0,0,0,0,1,pos,1,1,0,0,0,0,1,pos,1,1,0,0,0,0,1,pos,1,1,0,0,0,0,1,pos,1,1,0,0,0,0,1,pos,1,1,0,0,0,0,1,pos,1,1,0,0,0,0,1,neg,1,1,0,0,0,0,1,neg,1,1,0,0,0,0,0,neg,1,1,0,0,0,0,1,neg,1,1,0,0,0,0,1,neg,1,1,0,0,0,0,1,neg,1,1,0,0,0,0,1,neg,1,1,0,0,0,0,1,pos,0,1,1,1,0,1,1,neg,1,1,0,0,0,0,1,neg,1,1,0,0,0,0,1,18,19,1,1,0,1,19
29,785,2,89820,31,female,master,614f72b28624117cc294d4cc,1992,pos,pos,pos,pos,pos,pos,pos,pos,pos,pos,neg,neg,neg,neg,neg,neg,neg,neg,neg,neg,null,null,null,null,null,null,null,null,null,null,null,null,null,null,null,null,null,null,null,null,pos,pos,pos,pos,pos,pos,pos,pos,pos,pos,neg,neg,neg,neg,neg,neg,neg,neg,neg,neg,null,null,null,null,null,null,null,null,null,null,null,null,null,null,null,null,null,null,null,null,64ecd438aa86547a827d8631,614f72b28624117cc294d4cc,APPROVED,2023-08-28T17:07:19.179000Z,2023-08-28T17:21:10.599000Z,2023-08-29T14:24:45.197000,2023-08-28T17:21:14.955148Z,832,CUDW63K0,327,"English, Portuguese",31,Female,White,Portugal,Portugal,Portugal,Portuguese,No,Full-Time,pos,1,1,0,0,0,0,1,pos,1,1,0,0,0,0,1,pos,1,1,0,0,0,0,1,pos,1,1,0,0,0,0,0,pos,1,1,0,0,0,0,1,pos,1,1,0,0,0,0,1,pos,1,1,0,0,0,0,1,pos,1,1,0,0,0,0,1,pos,1,1,0,0,0,0,1,pos,1,1,0,0,0,0,1,neg,1,1,0,0,0,0,1,neg,1,1,0,0,0,0,0,neg,1,1,0,0,0,0,1,neg,1,1,0,0,0,0,1,neg,1,1,0,0,0,0,1,neg,1,1,0,0,0,0,1,neg,1,1,0,0,0,0,1,neg,1,1,0,0,0,0,0,neg,1,1,0,0,0,0,1,neg,1,1,0,0,0,0,1,20,20,0,0,0,0,17
38,869,3,84387,20,male,high school,5f9be81311b3ec42a9b82ffc,2003,pos,pos,pos,neg,pos,pos,pos,pos,pos,pos,neg,neg,neg,neg,neg,pos,neg,neg,neg,neg,null,null,null,null,null,null,null,null,null,null,null,null,null,null,null,null,null,null,null,null,null,null,null,null,null,null,null,null,null,null,null,null,null,null,null,null,null,null,null,null,pos,pos,pos,neg,pos,pos,pos,pos,pos,pos,neg,neg,neg,neg,neg,pos,neg,pos,neg,neg,64ecd452ea85e1f413daf638,5f9be81311b3ec42a9b82ffc,APPROVED,2023-08-28T17:07:37.019000Z,2023-08-28T17:22:49.675000Z,2023-08-29T14:24:35.227000,2023-08-28T17:22:50.284523Z,913,CUDW63K0,195,"English, Polish",23,Male,White,Poland,Poland,Poland,Polish,DATA_EXPIRED,DATA_EXPIRED,pos,1,1,0,0,0,0,1,pos,1,1,0,0,0,0,1,pos,1,1,0,0,0,0,1,neg,0,0,0,0,0,0,1,pos,1,1,0,0,0,0,1,pos,1,1,0,0,0,0,1,pos,1,1,0,0,0,0,1,pos,1,1,0,0,0,0,1,pos,1,1,0,0,0,0,1,pos,1,1,0,0,0,0,1,neg,1,1,0,0,0,0,1,neg,1,1,0,0,0,0,0,neg,1,1,0,0,0,0,1,neg,1,1,0,0,0,0,1,neg,1,1,0,0,0,0,1,pos,0,0,0,0,0,0,0,neg,1,1,0,0,0,0,1,pos,0,1,1,1,0,1,1,neg,1,1,0,0,0,0,1,neg,1,1,0,0,0,0,1,17,18,1,1,0,1,18
39,1007,2,88224,22,female,high school,610a72cbe6257b5ec5937c1b,2001,pos,pos,neg,neg,pos,pos,pos,pos,pos,neg,neg,neg,neg,neg,neg,neg,pos,neg,neg,neg,null,null,null,null,null,null,null,null,null,null,null,null,null,null,null,null,null,null,null,null,pos,pos,pos,neg,pos,pos,pos,pos,pos,pos,neg,neg,neg,neg,neg,neg,neg,pos,neg,neg,null,null,null,null,null,null,null,null,null,null,null,null,null,null,null,null,null,null,null,null,64ecd4555007bef8c0b31362,610a72cbe6257b5ec5937c1b,APPROVED,2023-08-28T17:07:39.208000Z,2023-08-28T17:25:18.126000Z,2023-08-29T14:24:46.225000,2023-08-28T17:25:18.625845Z,1059,CUDW63K0,32,English,22,Female,Black,South Africa,South Africa,South Africa,English,Yes,Part-Time,pos,1,1,0,0,0,0,1,pos,1,1,0,0,0,0,1,pos,1,0,1,1,1,0,1,neg,0,0,0,0,0,0,1,pos,1,1,0,0,0,0,1,pos,1,1,0,0,0,0,1,pos,1,1,0,0,0,0,1,pos,1,1,0,0,0,0,1,pos,1,1,0,0,0,0,1,pos,1,0,1,1,1,0,1,neg,1,1,0,0,0,0,1,neg,1,1,0,0,0,0,0,neg,1,1,0,0,0,0,1,neg,1,1,0,0,0,0,1,neg,1,1,0,0,0,0,1,neg,1,1,0,0,0,0,1,neg,1,0,1,1,1,0,1,pos,0,1,1,1,0,1,1,neg,1,1,0,0,0,0,1,neg,1,1,0,0,0,0,1,18,16,4,4,3,1,19
25,1401,2,81020,23,male,bachelor,5ffb82d015d1bf6119b135e0,2000,pos,pos,pos,neg,pos,pos,pos,pos,pos,pos,neg,neg,neg,neg,neg,neg,neg,neg,neg,neg,null,null,null,null,null,null,null,null,null,null,null,null,null,null,null,null,null,null,null,null,pos,pos,pos,neg,pos,pos,pos,pos,pos,pos,neg,neg,neg,neg,neg,neg,neg,pos,neg,neg,null,null,null,null,null,null,null,null,null,null,null,null,null,null,null,null,null,null,null,null,64ecd45de36ffe4dfb6394b2,5ffb82d015d1bf6119b135e0,APPROVED,2023-08-28T17:07:41.033000Z,2023-08-28T17:31:16.381000Z,2023-08-29T14:24:35.416000,2023-08-28T17:31:17.261097Z,1416,CUDW63K0,178,"Portuguese, English",23,Male,White,Portugal,Portugal,Portugal,Portuguese,Yes,Full-Time,pos,1,1,0,0,0,0,1,pos,1,1,0,0,0,0,1,pos,1,1,0,0,0,0,1,neg,0,0,0,0,0,0,1,pos,1,1,0,0,0,0,1,pos,1,1,0,0,0,0,1,pos,1,1,0,0,0,0,1,pos,1,1,0,0,0,0,1,pos,1,1,0,0,0,0,1,pos,1,1,0,0,0,0,1,neg,1,1,0,0,0,0,1,neg,1,1,0,0,0,0,0,neg,1,1,0,0,0,0,1,neg,1,1,0,0,0,0,1,neg,1,1,0,0,0,0,1,neg,1,1,0,0,0,0,1,neg,1,1,0,0,0,0,1,pos,0,1,1,1,0,1,1,neg,1,1,0,0,0,0,1,neg,1,1,0,0,0,0,1,18,19,1,1,0,1,19
28,584,1,83990,23,female,bachelor,5e67ad295582ee000b1d055e,2000,pos,pos,pos,neg,pos,pos,pos,pos,pos,pos,neg,pos,neg,neg,neg,neg,neg,neg,neg,neg,pos,pos,pos,neg,pos,pos,pos,pos,pos,pos,neg,pos,neg,neg,neg,neg,neg,neg,neg,neg,null,null,null,null,null,null,null,null,null,null,null,null,null,null,null,null,null,null,null,null,null,null,null,null,null,null,null,null,null,null,null,null,null,null,null,null,null,null,null,null,64ecd44e3ecdd46b7d3c7fc8,5e67ad295582ee000b1d055e,APPROVED,2023-08-28T17:07:41.676000Z,2023-08-28T17:17:46.391000Z,2023-08-29T14:24:45.942000,2023-08-28T17:17:48.060064Z,605,CUDW63K0,64,"English, Polish, Russian",22,Female,White,Poland,Poland,Poland,Polish,Yes,Part-Time,pos,1,1,0,0,0,0,1,pos,1,1,0,0,0,0,1,pos,1,1,0,0,0,0,1,neg,0,0,0,0,0,0,1,pos,1,1,0,0,0,0,1,pos,1,1,0,0,0,0,1,pos,1,1,0,0,0,0,1,pos,1,1,0,0,0,0,1,pos,1,1,0,0,0,0,1,pos,1,1,0,0,0,0,1,neg,1,1,0,0,0,0,1,pos,0,0,0,0,0,0,1,neg,1,1,0,0,0,0,1,neg,1,1,0,0,0,0,1,neg,1,1,0,0,0,0,1,neg,1,1,0,0,0,0,1,neg,1,1,0,0,0,0,1,neg,1,1,0,0,0,0,0,neg,1,1,0,0,0,0,1,neg,1,1,0,0,0,0,1,18,18,0,0,0,0,19
32,1749,2,82471,34,female,master,60217ceca41dfb1639d152a7,1989,pos,pos,pos,pos,pos,pos,pos,pos,pos,pos,neg,neg,neg,neg,neg,neg,neg,neg,neg,neg,null,null,null,null,null,null,null,null,null,null,null,null,null,null,null,null,null,null,null,null,pos,pos,pos,pos,pos,pos,pos,pos,pos,pos,neg,neg,neg,neg,neg,neg,neg,neg,neg,neg,null,null,null,null,null,null,null,null,null,null,null,null,null,null,null,null,null,null,null,null,64ecd464b1940bdb9b3a13e4,60217ceca41dfb1639d152a7,APPROVED,2023-08-28T17:07:48.182000Z,2023-08-28T17:37:17.817000Z,2023-08-29T14:24:46.429000,2023-08-28T17:37:38.777156Z,1770,CUDW63K0,146,"English, Portuguese",34,Female,White,Portugal,Portugal,Portugal,Portuguese,Yes,Full-Time,pos,1,1,0,0,0,0,1,pos,1,1,0,0,0,0,1,pos,1,1,0,0,0,0,1,pos,1,1,0,0,0,0,0,pos,1,1,0,0,0,0,1,pos,1,1,0,0,0,0,1,pos,1,1,0,0,0,0,1,pos,1,1,0,0,0,0,1,pos,1,1,0,0,0,0,1,pos,1,1,0,0,0,0,1,neg,1,1,0,0,0,0,1,neg,1,1,0,0,0,0,0,neg,1,1,0,0,0,0,1,neg,1,1,0,0,0,0,1,neg,1,1,0,0,0,0,1,neg,1,1,0,0,0,0,1,neg,1,1,0,0,0,0,1,neg,1,1,0,0,0,0,0,neg,1,1,0,0,0,0,1,neg,1,1,0,0,0,0,1,20,20,0,0,0,0,17
34,1123,1,80548,23,female,bachelor,5f244f9a175deb01f9398c14,2000,pos,pos,pos,neg,pos,pos,pos,pos,pos,pos,neg,neg,neg,neg,neg,neg,neg,neg,neg,neg,pos,pos,pos,neg,pos,pos,pos,pos,pos,pos,neg,neg,neg,neg,neg,neg,neg,neg,neg,neg,null,null,null,null,null,null,null,null,null,null,null,null,null,null,null,null,null,null,null,null,null,null,null,null,null,null,null,null,null,null,null,null,null,null,null,null,null,null,null,null,64ecd450b0df8205f4af6c40,5f244f9a175deb01f9398c14,APPROVED,2023-08-28T17:07:28.045000Z,2023-08-28T17:27:02.011000Z,2023-08-29T14:24:46.086000,2023-08-28T17:27:02.609000Z,1174,CUDW63K0,207,"English, Portuguese, Spanish",23,Female,White,Portugal,Portugal,Portugal,Portuguese,Yes,Unemployed (and job seeking),pos,1,1,0,0,0,0,1,pos,1,1,0,0,0,0,1,pos,1,1,0,0,0,0,1,neg,0,0,0,0,0,0,1,pos,1,1,0,0,0,0,1,pos,1,1,0,0,0,0,1,pos,1,1,0,0,0,0,1,pos,1,1,0,0,0,0,1,pos,1,1,0,0,0,0,1,pos,1,1,0,0,0,0,1,neg,1,1,0,0,0,0,1,neg,1,1,0,0,0,0,0,neg,1,1,0,0,0,0,1,neg,1,1,0,0,0,0,1,neg,1,1,0,0,0,0,1,neg,1,1,0,0,0,0,1,neg,1,1,0,0,0,0,1,neg,1,1,0,0,0,0,0,neg,1,1,0,0,0,0,1,neg,1,1,0,0,0,0,1,19,19,0,0,0,0,18
35,576,2,88953,20,male,high school,61066a47177ea1ed33f82388,2002,neg,pos,pos,neg,pos,pos,pos,pos,pos,pos,neg,neg,neg,neg,neg,neg,neg,pos,neg,neg,null,null,null,null,null,null,null,null,null,null,null,null,null,null,null,null,null,null,null,null,neg,pos,pos,neg,pos,pos,pos,pos,pos,pos,neg,neg,neg,neg,neg,neg,neg,pos,neg,neg,null,null,null,null,null,null,null,null,null,null,null,null,null,null,null,null,null,null,null,null,64ecd4684516a81454c6ebac,61066a47177ea1ed33f82388,APPROVED,2023-08-28T17:07:52.392000Z,2023-08-28T17:18:00.033000Z,2023-08-29T14:24:35.588000,2023-08-28T17:18:00.586494Z,608,CUDW63K0,192,"Afrikaans, English",20,Male,Asian,South Africa,South Africa,South Africa,English,Yes,Unemployed (and job seeking),neg,0,0,0,0,0,0,0,pos,1,1,0,0,0,0,1,pos,1,1,0,0,0,0,1,neg,0,0,0,0,0,0,1,pos,1,1,0,0,0,0,1,pos,1,1,0,0,0,0,1,pos,1,1,0,0,0,0,1,pos,1,1,0,0,0,0,1,pos,1,1,0,0,0,0,1,pos,1,1,0,0,0,0,1,neg,1,1,0,0,0,0,1,neg,1,1,0,0,0,0,0,neg,1,1,0,0,0,0,1,neg,1,1,0,0,0,0,1,neg,1,1,0,0,0,0,1,neg,1,1,0,0,0,0,1,neg,1,1,0,0,0,0,1,pos,0,0,0,0,0,0,1,neg,1,1,0,0,0,0,1,neg,1,1,0,0,0,0,1,17,17,0,0,0,0,18
44,1451,3,83613,24,female,high school,616f6ed2ead3bb59cd1397ac,1999,pos,pos,pos,neg,pos,pos,pos,pos,pos,pos,neg,neg,neg,neg,neg,pos,neg,neg,neg,neg,null,null,null,null,null,null,null,null,null,null,null,null,null,null,null,null,null,null,null,null,null,null,null,null,null,null,null,null,null,null,null,null,null,null,null,null,null,null,null,null,pos,pos,pos,neg,pos,pos,pos,pos,pos,pos,neg,neg,neg,neg,neg,pos,neg,neg,neg,neg,64ecd46b373f1538307888f9,616f6ed2ead3bb59cd1397ac,APPROVED,2023-08-28T17:07:55.349000Z,2023-08-28T17:32:56.825000Z,2023-08-29T14:24:46.725000,2023-08-28T17:33:30.754108Z,1502,CUDW63K0,278,"English, Spanish",24,Female,Other,Mexico,Mexico,Mexico,Spanish,Yes,Unemployed (and job seeking),pos,1,1,0,0,0,0,1,pos,1,1,0,0,0,0,1,pos,1,1,0,0,0,0,1,neg,0,0,0,0,0,0,1,pos,1,1,0,0,0,0,1,pos,1,1,0,0,0,0,1,pos,1,1,0,0,0,0,1,pos,1,1,0,0,0,0,1,pos,1,1,0,0,0,0,1,pos,1,1,0,0,0,0,1,neg,1,1,0,0,0,0,1,neg,1,1,0,0,0,0,0,neg,1,1,0,0,0,0,1,neg,1,1,0,0,0,0,1,neg,1,1,0,0,0,0,1,pos,0,0,0,0,0,0,0,neg,1,1,0,0,0,0,1,neg,1,1,0,0,0,0,0,neg,1,1,0,0,0,0,1,neg,1,1,0,0,0,0,1,18,18,0,0,0,0,17
63,1404,1,88147,22,male,high school,60de1229e31e0a1d845364e7,2000,pos,pos,pos,pos,pos,pos,pos,pos,pos,pos,neg,neg,neg,neg,neg,neg,neg,neg,neg,neg,pos,pos,pos,pos,pos,pos,pos,pos,pos,pos,neg,neg,neg,neg,neg,neg,neg,neg,neg,neg,null,null,null,null,null,null,null,null,null,null,null,null,null,null,null,null,null,null,null,null,null,null,null,null,null,null,null,null,null,null,null,null,null,null,null,null,null,null,null,null,64ecd46cb17672985061717e,60de1229e31e0a1d845364e7,APPROVED,2023-08-28T17:07:56.391000Z,2023-08-28T17:33:20.862000Z,2023-08-29T14:24:35.910000,2023-08-28T17:33:38.618320Z,1525,CUDW63K0,336,"Spanish, English",22,Male,Other,Chile,Chile,Chile,Spanish,Yes,Unemployed (and job seeking),pos,1,1,0,0,0,0,1,pos,1,1,0,0,0,0,1,pos,1,1,0,0,0,0,1,pos,1,1,0,0,0,0,0,pos,1,1,0,0,0,0,1,pos,1,1,0,0,0,0,1,pos,1,1,0,0,0,0,1,pos,1,1,0,0,0,0,1,pos,1,1,0,0,0,0,1,pos,1,1,0,0,0,0,1,neg,1,1,0,0,0,0,1,neg,1,1,0,0,0,0,0,neg,1,1,0,0,0,0,1,neg,1,1,0,0,0,0,1,neg,1,1,0,0,0,0,1,neg,1,1,0,0,0,0,1,neg,1,1,0,0,0,0,1,neg,1,1,0,0,0,0,0,neg,1,1,0,0,0,0,1,neg,1,1,0,0,0,0,1,20,20,0,0,0,0,17
36,588,3,81623,47,male,bachelor,5f80a9b2fead31110936e514,1976,pos,pos,pos,neg,pos,pos,pos,pos,pos,pos,neg,neg,neg,neg,neg,neg,neg,neg,neg,neg,null,null,null,null,null,null,null,null,null,null,null,null,null,null,null,null,null,null,null,null,null,null,null,null,null,null,null,null,null,null,null,null,null,null,null,null,null,null,null,null,pos,pos,pos,neg,pos,pos,pos,pos,pos,pos,neg,neg,neg,neg,neg,neg,neg,neg,neg,neg,64ecd46f8a8c17f7cfc95a53,5f80a9b2fead31110936e514,APPROVED,2023-08-28T17:07:59.539000Z,2023-08-28T17:18:06.191000Z,2023-08-29T14:24:36.254000,2023-08-28T17:18:06.756693Z,607,CUDW63K0,228,"Spanish, Portuguese, French, English",47,Male,White,Portugal,Portugal,Portugal,Portuguese,No,Full-Time,pos,1,1,0,0,0,0,1,pos,1,1,0,0,0,0,1,pos,1,1,0,0,0,0,1,neg,0,0,0,0,0,0,1,pos,1,1,0,0,0,0,1,pos,1,1,0,0,0,0,1,pos,1,1,0,0,0,0,1,pos,1,1,0,0,0,0,1,pos,1,1,0,0,0,0,1,pos,1,1,0,0,0,0,1,neg,1,1,0,0,0,0,1,neg,1,1,0,0,0,0,0,neg,1,1,0,0,0,0,1,neg,1,1,0,0,0,0,1,neg,1,1,0,0,0,0,1,neg,1,1,0,0,0,0,1,neg,1,1,0,0,0,0,1,neg,1,1,0,0,0,0,0,neg,1,1,0,0,0,0,1,neg,1,1,0,0,0,0,1,19,19,0,0,0,0,18
47,1443,3,82576,26,female,bachelor,60e1e1af0ac94b28008bbd74,1997,pos,pos,pos,neg,pos,pos,pos,pos,pos,pos,neg,neg,neg,neg,neg,neg,neg,neg,neg,neg,null,null,null,null,null,null,null,null,null,null,null,null,null,null,null,null,null,null,null,null,null,null,null,null,null,null,null,null,null,null,null,null,null,null,null,null,null,null,null,null,pos,pos,pos,neg,pos,pos,pos,pos,pos,pos,neg,pos,neg,neg,neg,neg,neg,neg,neg,neg,64ecd46f2e1d02e86aff3d40,60e1e1af0ac94b28008bbd74,APPROVED,2023-08-28T17:07:59.243000Z,2023-08-28T17:33:00.176000Z,2023-08-29T14:24:47.013000,2023-08-28T17:33:29.165765Z,1501,CUDW63K0,203,"English, French",26,Female,Mixed,DATA_EXPIRED,South Africa,DATA_EXPIRED,French,DATA_EXPIRED,DATA_EXPIRED,pos,1,1,0,0,0,0,1,pos,1,1,0,0,0,0,1,pos,1,1,0,0,0,0,1,neg,0,0,0,0,0,0,1,pos,1,1,0,0,0,0,1,pos,1,1,0,0,0,0,1,pos,1,1,0,0,0,0,1,pos,1,1,0,0,0,0,1,pos,1,1,0,0,0,0,1,pos,1,1,0,0,0,0,1,neg,1,1,0,0,0,0,1,pos,0,1,1,1,0,1,1,neg,1,1,0,0,0,0,1,neg,1,1,0,0,0,0,1,neg,1,1,0,0,0,0,1,neg,1,1,0,0,0,0,1,neg,1,1,0,0,0,0,1,neg,1,1,0,0,0,0,0,neg,1,1,0,0,0,0,1,neg,1,1,0,0,0,0,1,18,19,1,1,0,1,19
51,969,2,81179,28,female,bachelor,615b02a30793b73a5c5560ab,1994,neg,pos,pos,neg,pos,pos,pos,pos,pos,pos,pos,pos,pos,neg,neg,pos,pos,pos,neg,pos,null,null,null,null,null,null,null,null,null,null,null,null,null,null,null,null,null,null,null,null,neg,pos,pos,neg,pos,pos,pos,pos,pos,pos,neg,pos,pos,neg,neg,neg,pos,pos,neg,pos,null,null,null,null,null,null,null,null,null,null,null,null,null,null,null,null,null,null,null,null,64ecd46834685cb5d3ea69cb,615b02a30793b73a5c5560ab,APPROVED,2023-08-28T17:07:57.714000Z,2023-08-28T17:25:25.924000Z,2023-08-29T14:24:46.574000,2023-08-28T17:25:27.376690Z,1049,CUDW63K0,91,English,28,Female,Black,South Africa,South Africa,South Africa,English,No,Unemployed (and job seeking),neg,0,0,0,0,0,0,0,pos,1,1,0,0,0,0,1,pos,1,1,0,0,0,0,1,neg,0,0,0,0,0,0,1,pos,1,1,0,0,0,0,1,pos,1,1,0,0,0,0,1,pos,1,1,0,0,0,0,1,pos,1,1,0,0,0,0,1,pos,1,1,0,0,0,0,1,pos,1,1,0,0,0,0,1,neg,1,0,1,1,1,0,1,pos,0,0,0,0,0,0,1,pos,0,0,0,0,0,0,0,neg,1,1,0,0,0,0,1,neg,1,1,0,0,0,0,1,neg,1,0,1,1,1,0,1,pos,0,0,0,0,0,0,0,pos,0,0,0,0,0,0,1,neg,1,1,0,0,0,0,1,pos,0,0,0,0,0,0,0,13,11,2,2,2,0,16
60,902,1,84654,32,male,bachelor,59f705d57d4f3900014ddd5c,1991,pos,pos,pos,pos,pos,pos,pos,pos,pos,pos,neg,neg,neg,neg,neg,neg,neg,neg,neg,neg,pos,pos,pos,neg,pos,pos,pos,pos,pos,pos,neg,pos,neg,neg,neg,neg,neg,neg,neg,neg,null,null,null,null,null,null,null,null,null,null,null,null,null,null,null,null,null,null,null,null,null,null,null,null,null,null,null,null,null,null,null,null,null,null,null,null,null,null,null,null,64ecd46a969a08bacfe82592,59f705d57d4f3900014ddd5c,APPROVED,2023-08-28T17:08:03.757000Z,2023-08-28T17:24:49.069000Z,2023-08-29T14:24:35.752000,2023-08-28T17:24:49.549223Z,1006,CUDW63K0,266,English,41,Male,White,Spain,Spain,Spain,Spanish,DATA_EXPIRED,DATA_EXPIRED,pos,1,1,0,0,0,0,1,pos,1,1,0,0,0,0,1,pos,1,1,0,0,0,0,1,neg,0,1,1,1,0,1,1,pos,1,1,0,0,0,0,1,pos,1,1,0,0,0,0,1,pos,1,1,0,0,0,0,1,pos,1,1,0,0,0,0,1,pos,1,1,0,0,0,0,1,pos,1,1,0,0,0,0,1,neg,1,1,0,0,0,0,1,pos,0,1,1,1,0,1,1,neg,1,1,0,0,0,0,1,neg,1,1,0,0,0,0,1,neg,1,1,0,0,0,0,1,neg,1,1,0,0,0,0,1,neg,1,1,0,0,0,0,1,neg,1,1,0,0,0,0,0,neg,1,1,0,0,0,0,1,neg,1,1,0,0,0,0,1,18,20,2,2,0,2,19
37,776,1,82939,32,female,high school,5e8b811dcdbb58057efa41cd,1991,pos,pos,pos,neg,pos,pos,pos,pos,pos,pos,neg,neg,neg,neg,neg,pos,neg,neg,neg,neg,pos,pos,pos,neg,pos,pos,pos,pos,pos,pos,neg,neg,neg,neg,neg,pos,neg,neg,neg,neg,null,null,null,null,null,null,null,null,null,null,null,null,null,null,null,null,null,null,null,null,null,null,null,null,null,null,null,null,null,null,null,null,null,null,null,null,null,null,null,null,64ecd475d349dcc99dc95a72,5e8b811dcdbb58057efa41cd,APPROVED,2023-08-28T17:08:05.972000Z,2023-08-28T17:21:13.175000Z,2023-08-29T14:24:47.146000,2023-08-28T17:21:15.548521Z,788,CUDW63K0,428,"Italian, English",32,Female,White,Italy,Italy,Italy,Italian,No,DATA_EXPIRED,pos,1,1,0,0,0,0,1,pos,1,1,0,0,0,0,1,pos,1,1,0,0,0,0,1,neg,0,0,0,0,0,0,1,pos,1,1,0,0,0,0,1,pos,1,1,0,0,0,0,1,pos,1,1,0,0,0,0,1,pos,1,1,0,0,0,0,1,pos,1,1,0,0,0,0,1,pos,1,1,0,0,0,0,1,neg,1,1,0,0,0,0,1,neg,1,1,0,0,0,0,0,neg,1,1,0,0,0,0,1,neg,1,1,0,0,0,0,1,neg,1,1,0,0,0,0,1,pos,0,0,0,0,0,0,0,neg,1,1,0,0,0,0,1,neg,1,1,0,0,0,0,0,neg,1,1,0,0,0,0,1,neg,1,1,0,0,0,0,1,18,18,0,0,0,0,17
40,464,1,81376,22,female,bachelor,5e7769860b2d822d7f8720fa,2000,pos,neg,pos,pos,pos,pos,pos,pos,pos,pos,neg,neg,pos,neg,neg,pos,neg,neg,neg,neg,pos,neg,pos,pos,pos,pos,pos,pos,pos,pos,neg,neg,neg,neg,neg,neg,neg,neg,neg,neg,null,null,null,null,null,null,null,null,null,null,null,null,null,null,null,null,null,null,null,null,null,null,null,null,null,null,null,null,null,null,null,null,null,null,null,null,null,null,null,null,64ecd46c05516839a8c7dd5b,5e7769860b2d822d7f8720fa,APPROVED,2023-08-28T17:08:04.442000Z,2023-08-28T17:50:35.453000Z,2023-08-29T14:24:46.860000,2023-08-28T17:50:40.557811Z,2552,5e7769860b2d822d7f8720fa,344,English,23,Female,Asian,United Kingdom,United Kingdom,United Kingdom,English,DATA_EXPIRED,DATA_EXPIRED,pos,1,1,0,0,0,0,1,neg,0,0,0,0,0,0,0,pos,1,1,0,0,0,0,1,pos,1,1,0,0,0,0,0,pos,1,1,0,0,0,0,1,pos,1,1,0,0,0,0,1,pos,1,1,0,0,0,0,1,pos,1,1,0,0,0,0,1,pos,1,1,0,0,0,0,1,pos,1,1,0,0,0,0,1,neg,1,1,0,0,0,0,1,neg,1,1,0,0,0,0,0,neg,1,0,1,1,1,0,1,neg,1,1,0,0,0,0,1,neg,1,1,0,0,0,0,1,neg,1,0,1,1,1,0,1,neg,1,1,0,0,0,0,1,neg,1,1,0,0,0,0,0,neg,1,1,0,0,0,0,1,neg,1,1,0,0,0,0,1,19,17,2,2,2,0,16
46,502,2,87327,22,male,bachelor,5ea597859b1fb6594ac2b470,2000,pos,pos,pos,pos,pos,pos,pos,pos,pos,pos,neg,neg,neg,neg,neg,neg,neg,neg,neg,neg,null,null,null,null,null,null,null,null,null,null,null,null,null,null,null,null,null,null,null,null,pos,pos,pos,pos,pos,pos,pos,pos,pos,pos,neg,neg,neg,neg,neg,neg,neg,neg,neg,neg,null,null,null,null,null,null,null,null,null,null,null,null,null,null,null,null,null,null,null,null,64ecd46e142e648df51cc803,5ea597859b1fb6594ac2b470,APPROVED,2023-08-28T17:08:07.492000Z,2023-08-28T17:17:10.475000Z,2023-08-29T14:24:36.070000,2023-08-28T17:17:11.043278Z,543,CUDW63K0,645,"English, German, Polish",22,Male,White,Poland,Netherlands,Poland,Polish,Yes,Part-Time,pos,1,1,0,0,0,0,1,pos,1,1,0,0,0,0,1,pos,1,1,0,0,0,0,1,pos,1,1,0,0,0,0,0,pos,1,1,0,0,0,0,1,pos,1,1,0,0,0,0,1,pos,1,1,0,0,0,0,1,pos,1,1,0,0,0,0,1,pos,1,1,0,0,0,0,1,pos,1,1,0,0,0,0,1,neg,1,1,0,0,0,0,1,neg,1,1,0,0,0,0,0,neg,1,1,0,0,0,0,1,neg,1,1,0,0,0,0,1,neg,1,1,0,0,0,0,1,neg,1,1,0,0,0,0,1,neg,1,1,0,0,0,0,1,neg,1,1,0,0,0,0,0,neg,1,1,0,0,0,0,1,neg,1,1,0,0,0,0,1,20,20,0,0,0,0,17
41,1399,3,87102,23,male,bachelor,5e820b70239c3490a5e6015f,2000,pos,pos,pos,pos,pos,pos,pos,pos,neg,pos,neg,neg,neg,neg,neg,neg,neg,neg,neg,neg,null,null,null,null,null,null,null,null,null,null,null,null,null,null,null,null,null,null,null,null,null,null,null,null,null,null,null,null,null,null,null,null,null,null,null,null,null,null,null,null,pos,pos,pos,pos,pos,pos,pos,pos,neg,pos,neg,neg,neg,neg,neg,neg,neg,neg,neg,neg,64ecd47f5a6ca24d14431f83,5e820b70239c3490a5e6015f,APPROVED,2023-08-28T17:08:15.722000Z,2023-08-28T17:31:53.124000Z,2023-08-29T14:24:36.414000,2023-08-28T18:46:08.018181Z,1418,CUDW63K0,251,"Polish, English",23,Male,White,Poland,Poland,Poland,Polish,Yes,Part-Time,pos,1,1,0,0,0,0,1,pos,1,1,0,0,0,0,1,pos,1,1,0,0,0,0,1,pos,1,1,0,0,0,0,0,pos,1,1,0,0,0,0,1,pos,1,1,0,0,0,0,1,pos,1,1,0,0,0,0,1,pos,1,1,0,0,0,0,1,neg,0,0,0,0,0,0,0,pos,1,1,0,0,0,0,1,neg,1,1,0,0,0,0,1,neg,1,1,0,0,0,0,0,neg,1,1,0,0,0,0,1,neg,1,1,0,0,0,0,1,neg,1,1,0,0,0,0,1,neg,1,1,0,0,0,0,1,neg,1,1,0,0,0,0,1,neg,1,1,0,0,0,0,0,neg,1,1,0,0,0,0,1,neg,1,1,0,0,0,0,1,19,19,0,0,0,0,16
42,1201,2,82274,23,female,bachelor,5fdbf74c5474cd11e39eeaf3,2000,neg,pos,pos,pos,pos,pos,pos,pos,pos,pos,neg,neg,neg,neg,neg,neg,neg,neg,neg,neg,null,null,null,null,null,null,null,null,null,null,null,null,null,null,null,null,null,null,null,null,neg,pos,pos,neg,pos,pos,pos,pos,pos,pos,neg,neg,neg,neg,neg,neg,neg,neg,neg,neg,null,null,null,null,null,null,null,null,null,null,null,null,null,null,null,null,null,null,null,null,64ecd480e3a5f7600a0bad6d,5fdbf74c5474cd11e39eeaf3,APPROVED,2023-08-28T17:08:19.622000Z,2023-08-28T17:29:11.189000Z,2023-08-29T14:24:47.288000,2023-08-28T17:29:11.885423Z,1252,CUDW63K0,108,"English, German, Italian, Slovenian",23,Female,White,Slovenia,Slovenia,Slovenia,Slovenian,DATA_EXPIRED,DATA_EXPIRED,neg,0,0,0,0,0,0,0,pos,1,1,0,0,0,0,1,pos,1,1,0,0,0,0,1,neg,0,1,1,1,0,1,1,pos,1,1,0,0,0,0,1,pos,1,1,0,0,0,0,1,pos,1,1,0,0,0,0,1,pos,1,1,0,0,0,0,1,pos,1,1,0,0,0,0,1,pos,1,1,0,0,0,0,1,neg,1,1,0,0,0,0,1,neg,1,1,0,0,0,0,0,neg,1,1,0,0,0,0,1,neg,1,1,0,0,0,0,1,neg,1,1,0,0,0,0,1,neg,1,1,0,0,0,0,1,neg,1,1,0,0,0,0,1,neg,1,1,0,0,0,0,0,neg,1,1,0,0,0,0,1,neg,1,1,0,0,0,0,1,18,19,1,1,0,1,17
73,814,1,80658,34,male,master,61157d170c26d85a7eb04dfa,1989,pos,neg,pos,pos,neg,neg,pos,pos,pos,neg,pos,pos,neg,neg,neg,pos,neg,pos,pos,neg,pos,neg,pos,pos,neg,pos,pos,pos,pos,neg,pos,pos,neg,neg,neg,pos,neg,pos,pos,neg,null,null,null,null,null,null,null,null,null,null,null,null,null,null,null,null,null,null,null,null,null,null,null,null,null,null,null,null,null,null,null,null,null,null,null,null,null,null,null,null,64ecd487ac014c290af45a28,61157d170c26d85a7eb04dfa,APPROVED,2023-08-28T17:08:23.719000Z,2023-08-28T17:23:57.079000Z,2023-08-29T14:24:36.748000,2023-08-28T17:23:57.577495Z,934,CUDW63K0,272,English,34,Male,Black,South Africa,South Africa,South Africa,English,DATA_EXPIRED,Part-Time,pos,1,1,0,0,0,0,1,neg,0,0,0,0,0,0,0,pos,1,1,0,0,0,0,1,pos,1,1,0,0,0,0,0,neg,0,0,0,0,0,0,0,pos,1,0,1,1,1,0,1,pos,1,1,0,0,0,0,1,pos,1,1,0,0,0,0,1,pos,1,1,0,0,0,0,1,neg,0,0,0,0,0,0,0,pos,0,0,0,0,0,0,0,pos,0,0,0,0,0,0,1,neg,1,1,0,0,0,0,1,neg,1,1,0,0,0,0,1,neg,1,1,0,0,0,0,1,pos,0,0,0,0,0,0,0,neg,1,1,0,0,0,0,1,pos,0,0,0,0,0,0,1,pos,0,0,0,0,0,0,0,neg,1,1,0,0,0,0,1,12,11,1,1,1,0,13
45,561,1,89361,56,female,bachelor,59025280d17178000141a7dd,1967,pos,pos,pos,neg,pos,pos,pos,pos,pos,pos,neg,neg,neg,neg,neg,neg,neg,neg,neg,neg,pos,pos,pos,neg,pos,pos,pos,pos,pos,pos,neg,neg,neg,neg,neg,neg,neg,neg,neg,neg,null,null,null,null,null,null,null,null,null,null,null,null,null,null,null,null,null,null,null,null,null,null,null,null,null,null,null,null,null,null,null,null,null,null,null,null,null,null,null,null,64ecd48210579f469b119440,59025280d17178000141a7dd,APPROVED,2023-08-28T17:08:24.665000Z,2023-08-28T17:18:10.569000Z,2023-08-29T14:24:47.444000,2023-08-28T17:18:11.114353Z,586,CUDW63K0,830,English,56,Female,White,United Kingdom,United Kingdom,United Kingdom,English,No,Full-Time,pos,1,1,0,0,0,0,1,pos,1,1,0,0,0,0,1,pos,1,1,0,0,0,0,1,neg,0,0,0,0,0,0,1,pos,1,1,0,0,0,0,1,pos,1,1,0,0,0,0,1,pos,1,1,0,0,0,0,1,pos,1,1,0,0,0,0,1,pos,1,1,0,0,0,0,1,pos,1,1,0,0,0,0,1,neg,1,1,0,0,0,0,1,neg,1,1,0,0,0,0,0,neg,1,1,0,0,0,0,1,neg,1,1,0,0,0,0,1,neg,1,1,0,0,0,0,1,neg,1,1,0,0,0,0,1,neg,1,1,0,0,0,0,1,neg,1,1,0,0,0,0,0,neg,1,1,0,0,0,0,1,neg,1,1,0,0,0,0,1,19,19,0,0,0,0,18
53,764,2,85865,30,male,bachelor,5bf52a327ea49f0001ba78d0,1993,pos,pos,pos,neg,pos,pos,pos,pos,pos,pos,neg,neg,neg,neg,neg,neg,neg,pos,neg,neg,null,null,null,null,null,null,null,null,null,null,null,null,null,null,null,null,null,null,null,null,pos,pos,pos,neg,pos,pos,pos,pos,pos,pos,neg,neg,neg,neg,neg,neg,neg,pos,neg,neg,null,null,null,null,null,null,null,null,null,null,null,null,null,null,null,null,null,null,null,null,64ecd483259607c7e35c515a,5bf52a327ea49f0001ba78d0,APPROVED,2023-08-28T17:08:33.751000Z,2023-08-28T17:21:57.189000Z,2023-08-29T14:24:36.582000,2023-08-28T17:22:08.044435Z,804,CUDW63K0,115,English,30,Male,White,United Kingdom,United Kingdom,United Kingdom,English,No,Full-Time,pos,1,1,0,0,0,0,1,pos,1,1,0,0,0,0,1,pos,1,1,0,0,0,0,1,neg,0,0,0,0,0,0,1,pos,1,1,0,0,0,0,1,pos,1,1,0,0,0,0,1,pos,1,1,0,0,0,0,1,pos,1,1,0,0,0,0,1,pos,1,1,0,0,0,0,1,pos,1,1,0,0,0,0,1,neg,1,1,0,0,0,0,1,neg,1,1,0,0,0,0,0,neg,1,1,0,0,0,0,1,neg,1,1,0,0,0,0,1,neg,1,1,0,0,0,0,1,neg,1,1,0,0,0,0,1,neg,1,1,0,0,0,0,1,pos,0,0,0,0,0,0,1,neg,1,1,0,0,0,0,1,neg,1,1,0,0,0,0,1,18,18,0,0,0,0,19
48,727,1,88360,20,male,high school,6103fceb3c190a747cde1420,2003,pos,pos,pos,pos,pos,pos,pos,pos,pos,pos,neg,neg,neg,neg,neg,neg,neg,neg,neg,neg,pos,pos,pos,pos,pos,pos,pos,pos,pos,pos,neg,neg,neg,neg,neg,neg,neg,neg,neg,neg,null,null,null,null,null,null,null,null,null,null,null,null,null,null,null,null,null,null,null,null,null,null,null,null,null,null,null,null,null,null,null,null,null,null,null,null,null,null,null,null,64ecd492d1ad9e55c03e7cec,6103fceb3c190a747cde1420,APPROVED,2023-08-28T17:08:42.175000Z,2023-08-28T17:21:07.756000Z,2023-08-29T14:24:36.912000,2023-08-28T17:21:08.710098Z,746,CUDW63K0,120,"Polish, English",20,Male,Mixed,Poland,Poland,Poland,Polish,Yes,Full-Time,pos,1,1,0,0,0,0,1,pos,1,1,0,0,0,0,1,pos,1,1,0,0,0,0,1,pos,1,1,0,0,0,0,0,pos,1,1,0,0,0,0,1,pos,1,1,0,0,0,0,1,pos,1,1,0,0,0,0,1,pos,1,1,0,0,0,0,1,pos,1,1,0,0,0,0,1,pos,1,1,0,0,0,0,1,neg,1,1,0,0,0,0,1,neg,1,1,0,0,0,0,0,neg,1,1,0,0,0,0,1,neg,1,1,0,0,0,0,1,neg,1,1,0,0,0,0,1,neg,1,1,0,0,0,0,1,neg,1,1,0,0,0,0,1,neg,1,1,0,0,0,0,0,neg,1,1,0,0,0,0,1,neg,1,1,0,0,0,0,1,20,20,0,0,0,0,17
49,832,1,88709,21,male,bachelor,5f3c8a006375d854f90d73a7,2001,pos,pos,pos,neg,pos,pos,pos,pos,pos,pos,neg,neg,neg,neg,neg,neg,neg,neg,neg,neg,pos,pos,pos,neg,pos,pos,pos,pos,pos,pos,neg,pos,neg,neg,neg,neg,neg,neg,neg,neg,null,null,null,null,null,null,null,null,null,null,null,null,null,null,null,null,null,null,null,null,null,null,null,null,null,null,null,null,null,null,null,null,null,null,null,null,null,null,null,null,64ecd4980a260e1a1f3c7f89,5f3c8a006375d854f90d73a7,APPROVED,2023-08-28T17:08:43.736000Z,2023-08-28T17:22:46.218000Z,2023-08-29T14:24:37.231000,2023-08-28T17:22:46.750664Z,843,CUDW63K0,576,"English, Spanish",21,Male,White,Spain,Spain,Spain,Spanish,DATA_EXPIRED,Unemployed (and job seeking),pos,1,1,0,0,0,0,1,pos,1,1,0,0,0,0,1,pos,1,1,0,0,0,0,1,neg,0,0,0,0,0,0,1,pos,1,1,0,0,0,0,1,pos,1,1,0,0,0,0,1,pos,1,1,0,0,0,0,1,pos,1,1,0,0,0,0,1,pos,1,1,0,0,0,0,1,pos,1,1,0,0,0,0,1,neg,1,1,0,0,0,0,1,pos,0,1,1,1,0,1,1,neg,1,1,0,0,0,0,1,neg,1,1,0,0,0,0,1,neg,1,1,0,0,0,0,1,neg,1,1,0,0,0,0,1,neg,1,1,0,0,0,0,1,neg,1,1,0,0,0,0,0,neg,1,1,0,0,0,0,1,neg,1,1,0,0,0,0,1,18,19,1,1,0,1,19
50,3500,3,84915,31,female,high school,5f3ce48306ca7102dc4d2860,1991,pos,pos,pos,pos,pos,pos,pos,pos,neg,neg,pos,pos,neg,pos,neg,pos,neg,pos,neg,neg,null,null,null,null,null,null,null,null,null,null,null,null,null,null,null,null,null,null,null,null,null,null,null,null,null,null,null,null,null,null,null,null,null,null,null,null,null,null,null,null,pos,pos,pos,neg,pos,pos,pos,pos,pos,pos,neg,pos,pos,neg,neg,neg,neg,pos,neg,neg,64ecd49dcbf33b099eb3139d,5f3ce48306ca7102dc4d2860,APPROVED,2023-08-28T17:08:45.444000Z,2023-08-29T14:28:04.267000Z,2023-08-29T14:28:04.667000Z,,76759,Manual Completion,95,English,31,Female,White,Hungary,Hungary,Hungary,Hungarian,No,DATA_EXPIRED,pos,1,1,0,0,0,0,1,pos,1,1,0,0,0,0,1,pos,1,1,0,0,0,0,1,neg,0,1,1,1,0,1,1,pos,1,1,0,0,0,0,1,pos,1,1,0,0,0,0,1,pos,1,1,0,0,0,0,1,pos,1,1,0,0,0,0,1,pos,1,0,1,1,1,0,1,pos,1,0,1,1,1,0,1,neg,1,0,1,1,1,0,1,pos,0,0,0,0,0,0,1,pos,0,1,1,0,0,0,0,neg,1,0,1,1,1,0,1,neg,1,1,0,0,0,0,1,neg,1,0,1,1,1,0,1,neg,1,1,0,0,0,0,1,pos,0,0,0,0,0,0,1,neg,1,1,0,0,0,0,1,neg,1,1,0,0,0,0,1,16,13,7,6,5,1,19
52,588,3,82667,27,male,bachelor,5ef60257cd680928de23ccae,1995,pos,pos,pos,neg,pos,pos,pos,pos,pos,pos,neg,neg,neg,neg,neg,neg,neg,neg,neg,neg,null,null,null,null,null,null,null,null,null,null,null,null,null,null,null,null,null,null,null,null,null,null,null,null,null,null,null,null,null,null,null,null,null,null,null,null,null,null,null,null,pos,pos,pos,neg,pos,pos,pos,pos,pos,pos,neg,neg,neg,neg,neg,neg,neg,neg,neg,neg,64ecd49cdadaa69004c9cfc8,5ef60257cd680928de23ccae,APPROVED,2023-08-28T17:08:47.194000Z,2023-08-28T17:18:49.756000Z,2023-08-29T14:24:37.399000,2023-08-28T17:18:50.645232Z,603,CUDW63K0,196,"English, Hungarian",27,Male,White,Hungary,Hungary,Hungary,Hungarian,No,Part-Time,pos,1,1,0,0,0,0,1,pos,1,1,0,0,0,0,1,pos,1,1,0,0,0,0,1,neg,0,0,0,0,0,0,1,pos,1,1,0,0,0,0,1,pos,1,1,0,0,0,0,1,pos,1,1,0,0,0,0,1,pos,1,1,0,0,0,0,1,pos,1,1,0,0,0,0,1,pos,1,1,0,0,0,0,1,neg,1,1,0,0,0,0,1,neg,1,1,0,0,0,0,0,neg,1,1,0,0,0,0,1,neg,1,1,0,0,0,0,1,neg,1,1,0,0,0,0,1,neg,1,1,0,0,0,0,1,neg,1,1,0,0,0,0,1,neg,1,1,0,0,0,0,0,neg,1,1,0,0,0,0,1,neg,1,1,0,0,0,0,1,19,19,0,0,0,0,18
64,1436,2,80972,23,female,bachelor,60d1008fc26892a1f0ed7ed5,1999,pos,pos,pos,neg,pos,pos,pos,pos,pos,pos,neg,neg,neg,neg,neg,neg,neg,pos,neg,neg,null,null,null,null,null,null,null,null,null,null,null,null,null,null,null,null,null,null,null,null,pos,pos,pos,neg,pos,pos,pos,pos,pos,pos,neg,neg,neg,neg,neg,neg,neg,pos,neg,neg,null,null,null,null,null,null,null,null,null,null,null,null,null,null,null,null,null,null,null,null,64ecd4a65241737abccd0650,60d1008fc26892a1f0ed7ed5,APPROVED,2023-08-28T17:08:54.157000Z,2023-08-28T17:33:51.257000Z,2023-08-29T14:24:48.414000,2023-08-28T17:33:54.069920Z,1498,CUDW63K0,261,"English, Portuguese, Spanish",23,Female,White,Portugal,Portugal,Portugal,Portuguese,Yes,Part-Time,pos,1,1,0,0,0,0,1,pos,1,1,0,0,0,0,1,pos,1,1,0,0,0,0,1,neg,0,0,0,0,0,0,1,pos,1,1,0,0,0,0,1,pos,1,1,0,0,0,0,1,pos,1,1,0,0,0,0,1,pos,1,1,0,0,0,0,1,pos,1,1,0,0,0,0,1,pos,1,1,0,0,0,0,1,neg,1,1,0,0,0,0,1,neg,1,1,0,0,0,0,0,neg,1,1,0,0,0,0,1,neg,1,1,0,0,0,0,1,neg,1,1,0,0,0,0,1,neg,1,1,0,0,0,0,1,neg,1,1,0,0,0,0,1,pos,0,0,0,0,0,0,1,neg,1,1,0,0,0,0,1,neg,1,1,0,0,0,0,1,18,18,0,0,0,0,19
57,1626,3,87427,30,male,bachelor,5dc891a9deac8260bc0095de,1993,pos,pos,pos,pos,pos,pos,pos,pos,pos,pos,pos,pos,pos,neg,pos,pos,pos,neg,pos,pos,null,null,null,null,null,null,null,null,null,null,null,null,null,null,null,null,null,null,null,null,null,null,null,null,null,null,null,null,null,null,null,null,null,null,null,null,null,null,null,null,pos,pos,pos,pos,pos,pos,pos,pos,pos,pos,pos,pos,pos,neg,pos,pos,pos,neg,pos,pos,64ecd49e3f14a3fa44889836,5dc891a9deac8260bc0095de,APPROVED,2023-08-28T17:08:54.211000Z,2023-08-28T17:36:52.373000Z,2023-08-29T14:24:37.580000,2023-08-28T17:36:52.922197Z,1679,CUDW63K0,211,"Spanish, English",30,Male,Mixed,Mexico,Mexico,Mexico,Spanish,DATA_EXPIRED,DATA_EXPIRED,pos,1,1,0,0,0,0,1,pos,1,1,0,0,0,0,1,pos,1,1,0,0,0,0,1,pos,1,1,0,0,0,0,0,pos,1,1,0,0,0,0,1,pos,1,1,0,0,0,0,1,pos,1,1,0,0,0,0,1,pos,1,1,0,0,0,0,1,pos,1,1,0,0,0,0,1,pos,1,1,0,0,0,0,1,pos,0,0,0,0,0,0,0,pos,0,0,0,0,0,0,1,pos,0,0,0,0,0,0,0,neg,1,1,0,0,0,0,1,pos,0,0,0,0,0,0,0,pos,0,0,0,0,0,0,0,pos,0,0,0,0,0,0,0,neg,1,1,0,0,0,0,0,pos,0,0,0,0,0,0,0,pos,0,0,0,0,0,0,0,12,12,0,0,0,0,11
54,857,1,84177,34,female,high school,5a50d760eedc32000141fb83,1989,pos,pos,pos,pos,pos,pos,pos,pos,pos,pos,neg,neg,neg,neg,neg,pos,neg,neg,neg,neg,pos,pos,pos,pos,pos,pos,pos,pos,pos,pos,neg,neg,neg,neg,neg,pos,neg,pos,neg,neg,null,null,null,null,null,null,null,null,null,null,null,null,null,null,null,null,null,null,null,null,null,null,null,null,null,null,null,null,null,null,null,null,null,null,null,null,null,null,null,null,64ecd4a44beb90e405c0b504,5a50d760eedc32000141fb83,APPROVED,2023-08-28T17:08:57.947000Z,2023-08-28T17:23:32.410000Z,2023-08-29T14:24:48.137000,2023-08-28T17:23:33.217904Z,875,CUDW63K0,208,English,34,Female,White,United Kingdom,United Kingdom,United Kingdom,English,No,"Not in paid work (e.g. homemaker', 'retired or disabled)",pos,1,1,0,0,0,0,1,pos,1,1,0,0,0,0,1,pos,1,1,0,0,0,0,1,pos,1,1,0,0,0,0,0,pos,1,1,0,0,0,0,1,pos,1,1,0,0,0,0,1,pos,1,1,0,0,0,0,1,pos,1,1,0,0,0,0,1,pos,1,1,0,0,0,0,1,pos,1,1,0,0,0,0,1,neg,1,1,0,0,0,0,1,neg,1,1,0,0,0,0,0,neg,1,1,0,0,0,0,1,neg,1,1,0,0,0,0,1,neg,1,1,0,0,0,0,1,pos,0,0,0,0,0,0,0,neg,1,1,0,0,0,0,1,pos,0,1,1,1,0,1,1,neg,1,1,0,0,0,0,1,neg,1,1,0,0,0,0,1,18,19,1,1,0,1,17
55,325,1,85814,35,female,bachelor,5d71b02cf1af250001c3a50f,1988,pos,pos,pos,neg,pos,pos,pos,pos,pos,pos,neg,neg,neg,neg,neg,pos,neg,neg,neg,neg,pos,pos,pos,neg,pos,pos,pos,pos,pos,pos,neg,neg,neg,neg,neg,neg,neg,pos,neg,neg,null,null,null,null,null,null,null,null,null,null,null,null,null,null,null,null,null,null,null,null,null,null,null,null,null,null,null,null,null,null,null,null,null,null,null,null,null,null,null,null,64ecd4a5cbf33b099eb3139f,5d71b02cf1af250001c3a50f,APPROVED,2023-08-28T17:08:57.038000Z,2023-08-28T17:14:42.921000Z,2023-08-29T14:24:48.271000,2023-08-28T17:14:44.261969Z,346,CUDW63K0,134,English,35,Female,Asian,United States,Canada,United States,English,No,Unemployed (and job seeking),pos,1,1,0,0,0,0,1,pos,1,1,0,0,0,0,1,pos,1,1,0,0,0,0,1,neg,0,0,0,0,0,0,1,pos,1,1,0,0,0,0,1,pos,1,1,0,0,0,0,1,pos,1,1,0,0,0,0,1,pos,1,1,0,0,0,0,1,pos,1,1,0,0,0,0,1,pos,1,1,0,0,0,0,1,neg,1,1,0,0,0,0,1,neg,1,1,0,0,0,0,0,neg,1,1,0,0,0,0,1,neg,1,1,0,0,0,0,1,neg,1,1,0,0,0,0,1,neg,1,0,1,1,1,0,1,neg,1,1,0,0,0,0,1,pos,0,1,1,1,0,1,1,neg,1,1,0,0,0,0,1,neg,1,1,0,0,0,0,1,18,18,2,2,1,1,19
74,814,2,89766,33,female,bachelor,5ea93d40fb690101aa21e97a,1990,pos,pos,pos,neg,pos,pos,pos,pos,pos,pos,neg,neg,neg,neg,neg,neg,neg,pos,neg,neg,null,null,null,null,null,null,null,null,null,null,null,null,null,null,null,null,null,null,null,null,pos,pos,pos,neg,pos,pos,pos,pos,pos,pos,neg,neg,neg,neg,neg,neg,neg,pos,neg,neg,null,null,null,null,null,null,null,null,null,null,null,null,null,null,null,null,null,null,null,null,64ecd49bfdf4cd3426ef27ed,5ea93d40fb690101aa21e97a,APPROVED,2023-08-28T17:08:43.843000Z,2023-08-28T17:23:52.010000Z,2023-08-29T14:24:47.719000,2023-08-28T17:23:52.769900Z,909,CUDW63K0,478,"English, Polish",33,Female,White,Poland,Poland,Poland,Polish,No,"Not in paid work (e.g. homemaker', 'retired or disabled)",pos,1,1,0,0,0,0,1,pos,1,1,0,0,0,0,1,pos,1,1,0,0,0,0,1,neg,0,0,0,0,0,0,1,pos,1,1,0,0,0,0,1,pos,1,1,0,0,0,0,1,pos,1,1,0,0,0,0,1,pos,1,1,0,0,0,0,1,pos,1,1,0,0,0,0,1,pos,1,1,0,0,0,0,1,neg,1,1,0,0,0,0,1,neg,1,1,0,0,0,0,0,neg,1,1,0,0,0,0,1,neg,1,1,0,0,0,0,1,neg,1,1,0,0,0,0,1,neg,1,1,0,0,0,0,1,neg,1,1,0,0,0,0,1,pos,0,0,0,0,0,0,1,neg,1,1,0,0,0,0,1,neg,1,1,0,0,0,0,1,18,18,0,0,0,0,19
79,985,2,87133,27,male,master,610e67fa7557bd40d517a87d,1996,pos,pos,pos,pos,pos,pos,pos,pos,pos,pos,neg,neg,neg,neg,neg,neg,neg,neg,neg,neg,null,null,null,null,null,null,null,null,null,null,null,null,null,null,null,null,null,null,null,null,pos,pos,pos,pos,pos,pos,pos,pos,pos,pos,neg,neg,neg,neg,neg,neg,neg,neg,neg,neg,null,null,null,null,null,null,null,null,null,null,null,null,null,null,null,null,null,null,null,null,64ecd4936611f6c65a220d86,610e67fa7557bd40d517a87d,APPROVED,2023-08-28T17:09:07.841000Z,2023-08-28T17:27:55.638000Z,2023-08-29T14:24:37.066000,2023-08-28T17:27:59.270808Z,1128,CUDW63K0,138,"English, Polish",27,Male,White,Poland,Poland,Poland,Polish,No,Full-Time,pos,1,1,0,0,0,0,1,pos,1,1,0,0,0,0,1,pos,1,1,0,0,0,0,1,pos,1,1,0,0,0,0,0,pos,1,1,0,0,0,0,1,pos,1,1,0,0,0,0,1,pos,1,1,0,0,0,0,1,pos,1,1,0,0,0,0,1,pos,1,1,0,0,0,0,1,pos,1,1,0,0,0,0,1,neg,1,1,0,0,0,0,1,neg,1,1,0,0,0,0,0,neg,1,1,0,0,0,0,1,neg,1,1,0,0,0,0,1,neg,1,1,0,0,0,0,1,neg,1,1,0,0,0,0,1,neg,1,1,0,0,0,0,1,neg,1,1,0,0,0,0,0,neg,1,1,0,0,0,0,1,neg,1,1,0,0,0,0,1,20,20,0,0,0,0,17
69,2100,2,88652,22,female,bachelor,60ec8221f081600c7bbd58af,2001,pos,pos,pos,pos,pos,pos,pos,pos,pos,pos,neg,neg,neg,neg,neg,neg,neg,pos,neg,neg,null,null,null,null,null,null,null,null,null,null,null,null,null,null,null,null,null,null,null,null,pos,pos,pos,pos,pos,pos,pos,pos,pos,pos,neg,neg,neg,neg,neg,neg,neg,pos,neg,neg,null,null,null,null,null,null,null,null,null,null,null,null,null,null,null,null,null,null,null,null,64ecd4b1fe91837fca5a3492,60ec8221f081600c7bbd58af,APPROVED,2023-08-28T17:09:14.153000Z,2023-08-28T17:45:15.347000Z,2023-08-29T14:24:48.552000,2023-08-28T17:45:16.103141Z,2162,CUDW63K0,67,English,22,Female,Black,South Africa,South Africa,South Africa,English,Yes,Other,pos,1,1,0,0,0,0,1,pos,1,1,0,0,0,0,1,pos,1,1,0,0,0,0,1,pos,1,1,0,0,0,0,0,pos,1,1,0,0,0,0,1,pos,1,1,0,0,0,0,1,pos,1,1,0,0,0,0,1,pos,1,1,0,0,0,0,1,pos,1,1,0,0,0,0,1,pos,1,1,0,0,0,0,1,neg,1,1,0,0,0,0,1,neg,1,1,0,0,0,0,0,neg,1,1,0,0,0,0,1,neg,1,1,0,0,0,0,1,neg,1,1,0,0,0,0,1,neg,1,1,0,0,0,0,1,neg,1,1,0,0,0,0,1,pos,0,0,0,0,0,0,1,neg,1,1,0,0,0,0,1,neg,1,1,0,0,0,0,1,19,19,0,0,0,0,18
59,824,2,80502,25,male,master,5ef4842518648a0472e90ed5,1998,pos,pos,pos,neg,pos,pos,pos,pos,pos,pos,neg,neg,neg,neg,neg,neg,neg,neg,neg,neg,null,null,null,null,null,null,null,null,null,null,null,null,null,null,null,null,null,null,null,null,pos,pos,pos,neg,pos,pos,pos,pos,pos,pos,neg,neg,neg,neg,neg,neg,neg,neg,neg,neg,null,null,null,null,null,null,null,null,null,null,null,null,null,null,null,null,null,null,null,null,64ecd4bf5744aa1ceaa506d4,5ef4842518648a0472e90ed5,APPROVED,2023-08-28T17:09:19.775000Z,2023-08-28T17:23:31.089000Z,2023-08-29T14:24:37.743000,2023-08-28T17:23:31.590640Z,852,CUDW63K0,280,"English, Polish",25,Male,White,Poland,Poland,Poland,Polish,No,Full-Time,pos,1,1,0,0,0,0,1,pos,1,1,0,0,0,0,1,pos,1,1,0,0,0,0,1,neg,0,0,0,0,0,0,1,pos,1,1,0,0,0,0,1,pos,1,1,0,0,0,0,1,pos,1,1,0,0,0,0,1,pos,1,1,0,0,0,0,1,pos,1,1,0,0,0,0,1,pos,1,1,0,0,0,0,1,neg,1,1,0,0,0,0,1,neg,1,1,0,0,0,0,0,neg,1,1,0,0,0,0,1,neg,1,1,0,0,0,0,1,neg,1,1,0,0,0,0,1,neg,1,1,0,0,0,0,1,neg,1,1,0,0,0,0,1,neg,1,1,0,0,0,0,0,neg,1,1,0,0,0,0,1,neg,1,1,0,0,0,0,1,19,19,0,0,0,0,18
58,1878,3,80706,34,male,master,614dc6a01b4262b98ffa6d22,1987,pos,pos,pos,neg,pos,pos,pos,pos,pos,pos,neg,neg,pos,neg,neg,neg,neg,neg,neg,neg,null,null,null,null,null,null,null,null,null,null,null,null,null,null,null,null,null,null,null,null,null,null,null,null,null,null,null,null,null,null,null,null,null,null,null,null,null,null,null,null,pos,pos,pos,neg,pos,pos,pos,pos,pos,pos,neg,neg,neg,neg,neg,neg,neg,neg,neg,neg,64ecd4c1d4aab5c44598cef0,614dc6a01b4262b98ffa6d22,APPROVED,2023-08-28T17:09:21.459000Z,2023-08-28T17:41:09.739000Z,2023-08-29T14:24:38.355000,2023-08-28T17:41:11.594133Z,1909,NOCODE,265,"English, Spanish",35,Male,Other,Mexico,Mexico,Mexico,Spanish,No,Full-Time,pos,1,1,0,0,0,0,1,pos,1,1,0,0,0,0,1,pos,1,1,0,0,0,0,1,neg,0,0,0,0,0,0,1,pos,1,1,0,0,0,0,1,pos,1,1,0,0,0,0,1,pos,1,1,0,0,0,0,1,pos,1,1,0,0,0,0,1,pos,1,1,0,0,0,0,1,pos,1,1,0,0,0,0,1,neg,1,1,0,0,0,0,1,neg,1,1,0,0,0,0,0,neg,1,0,1,1,1,0,1,neg,1,1,0,0,0,0,1,neg,1,1,0,0,0,0,1,neg,1,1,0,0,0,0,1,neg,1,1,0,0,0,0,1,neg,1,1,0,0,0,0,0,neg,1,1,0,0,0,0,1,neg,1,1,0,0,0,0,1,19,18,1,1,1,0,18
76,1688,1,83126,22,male,bachelor,5f0021867c6da111da7c9b31,2000,pos,pos,pos,neg,pos,pos,pos,pos,pos,pos,neg,neg,neg,neg,neg,neg,neg,neg,neg,neg,pos,pos,pos,neg,pos,pos,pos,pos,pos,pos,neg,neg,neg,neg,neg,neg,neg,neg,neg,neg,null,null,null,null,null,null,null,null,null,null,null,null,null,null,null,null,null,null,null,null,null,null,null,null,null,null,null,null,null,null,null,null,null,null,null,null,null,null,null,null,64ecd4c2f902e9699bf45a29,5f0021867c6da111da7c9b31,APPROVED,2023-08-28T17:09:22.513000Z,2023-08-28T17:38:35.417000Z,2023-08-29T14:24:38.600000,2023-08-28T17:39:39.300583Z,1753,CUDW63K0,379,"Polish, German, English",22,Male,White,Poland,Poland,Poland,Polish,Yes,Part-Time,pos,1,1,0,0,0,0,1,pos,1,1,0,0,0,0,1,pos,1,1,0,0,0,0,1,neg,0,0,0,0,0,0,1,pos,1,1,0,0,0,0,1,pos,1,1,0,0,0,0,1,pos,1,1,0,0,0,0,1,pos,1,1,0,0,0,0,1,pos,1,1,0,0,0,0,1,pos,1,1,0,0,0,0,1,neg,1,1,0,0,0,0,1,neg,1,1,0,0,0,0,0,neg,1,1,0,0,0,0,1,neg,1,1,0,0,0,0,1,neg,1,1,0,0,0,0,1,neg,1,1,0,0,0,0,1,neg,1,1,0,0,0,0,1,neg,1,1,0,0,0,0,0,neg,1,1,0,0,0,0,1,neg,1,1,0,0,0,0,1,19,19,0,0,0,0,18
68,1133,1,87664,28,male,high school,616dcea8c4e227d557d84166,1995,neg,neg,pos,pos,pos,pos,pos,pos,pos,pos,neg,neg,pos,neg,pos,pos,neg,neg,pos,neg,neg,neg,neg,pos,pos,pos,pos,pos,pos,pos,neg,neg,pos,neg,pos,neg,neg,neg,pos,neg,null,null,null,null,null,null,null,null,null,null,null,null,null,null,null,null,null,null,null,null,null,null,null,null,null,null,null,null,null,null,null,null,null,null,null,null,null,null,null,null,64ecd4c4212f352c4bff3d0f,616dcea8c4e227d557d84166,APPROVED,2023-08-28T17:09:24.373000Z,2023-08-28T17:29:08.662000Z,2023-08-29T14:24:38.858000,2023-08-28T17:29:09.279514Z,1185,CUDW63K0,140,English,27,Male,Black,South Africa,South Africa,South Africa,English,DATA_EXPIRED,DATA_EXPIRED,neg,0,0,0,0,0,0,0,neg,0,0,0,0,0,0,0,neg,0,1,1,0,0,0,0,pos,1,1,0,0,0,0,0,pos,1,1,0,0,0,0,1,pos,1,1,0,0,0,0,1,pos,1,1,0,0,0,0,1,pos,1,1,0,0,0,0,1,pos,1,1,0,0,0,0,1,pos,1,1,0,0,0,0,1,neg,1,1,0,0,0,0,1,neg,1,1,0,0,0,0,0,pos,0,0,0,0,0,0,0,neg,1,1,0,0,0,0,1,pos,0,0,0,0,0,0,0,neg,1,0,1,1,1,0,1,neg,1,1,0,0,0,0,1,neg,1,1,0,0,0,0,0,pos,0,0,0,0,0,0,0,neg,1,1,0,0,0,0,1,14,14,2,1,1,0,11
62,595,3,86783,23,male,bachelor,60ea091fdb5ed5f90a47030b,2000,pos,pos,pos,neg,pos,pos,pos,pos,pos,pos,neg,neg,neg,neg,neg,neg,neg,pos,neg,neg,null,null,null,null,null,null,null,null,null,null,null,null,null,null,null,null,null,null,null,null,null,null,null,null,null,null,null,null,null,null,null,null,null,null,null,null,null,null,null,null,pos,pos,pos,neg,pos,pos,pos,pos,pos,pos,neg,neg,neg,neg,neg,neg,neg,pos,neg,neg,64ecd4ced6cd2808bc6dda5d,60ea091fdb5ed5f90a47030b,APPROVED,2023-08-28T17:09:34.009000Z,2023-08-28T17:19:44.327000Z,2023-08-29T14:24:39.482000,2023-08-28T17:19:52.123863Z,611,CUDW63K0,190,"Spanish, English",23,Male,Other,Mexico,Mexico,Mexico,Spanish,Yes,Unemployed (and job seeking),pos,1,1,0,0,0,0,1,pos,1,1,0,0,0,0,1,pos,1,1,0,0,0,0,1,neg,0,0,0,0,0,0,1,pos,1,1,0,0,0,0,1,pos,1,1,0,0,0,0,1,pos,1,1,0,0,0,0,1,pos,1,1,0,0,0,0,1,pos,1,1,0,0,0,0,1,pos,1,1,0,0,0,0,1,neg,1,1,0,0,0,0,1,neg,1,1,0,0,0,0,0,neg,1,1,0,0,0,0,1,neg,1,1,0,0,0,0,1,neg,1,1,0,0,0,0,1,neg,1,1,0,0,0,0,1,neg,1,1,0,0,0,0,1,pos,0,0,0,0,0,0,1,neg,1,1,0,0,0,0,1,neg,1,1,0,0,0,0,1,18,18,0,0,0,0,19
75,1850,3,82425,35,female,bachelor,61716dd3ff99e21ca75a6b48,1988,pos,pos,pos,neg,pos,pos,pos,pos,pos,pos,neg,neg,neg,neg,neg,neg,neg,neg,neg,neg,null,null,null,null,null,null,null,null,null,null,null,null,null,null,null,null,null,null,null,null,null,null,null,null,null,null,null,null,null,null,null,null,null,null,null,null,null,null,null,null,pos,pos,pos,neg,pos,pos,pos,pos,pos,pos,neg,neg,neg,neg,neg,neg,neg,neg,neg,neg,64ecd4c4255a090f5a7d8617,61716dd3ff99e21ca75a6b48,APPROVED,2023-08-28T17:09:36.967000Z,2023-08-28T17:41:26.769000Z,2023-08-29T14:24:48.835000,2023-08-28T17:41:27.360544Z,1910,CUDW63K0,262,English,35,Female,White,United Kingdom,United Kingdom,United Kingdom,English,DATA_EXPIRED,DATA_EXPIRED,pos,1,1,0,0,0,0,1,pos,1,1,0,0,0,0,1,pos,1,1,0,0,0,0,1,neg,0,0,0,0,0,0,1,pos,1,1,0,0,0,0,1,pos,1,1,0,0,0,0,1,pos,1,1,0,0,0,0,1,pos,1,1,0,0,0,0,1,pos,1,1,0,0,0,0,1,pos,1,1,0,0,0,0,1,neg,1,1,0,0,0,0,1,neg,1,1,0,0,0,0,0,neg,1,1,0,0,0,0,1,neg,1,1,0,0,0,0,1,neg,1,1,0,0,0,0,1,neg,1,1,0,0,0,0,1,neg,1,1,0,0,0,0,1,neg,1,1,0,0,0,0,0,neg,1,1,0,0,0,0,1,neg,1,1,0,0,0,0,1,19,19,0,0,0,0,18
67,936,3,81113,24,female,high school,60e84d936799d99dc6d8920b,1999,pos,pos,pos,neg,pos,pos,pos,pos,pos,pos,neg,neg,neg,neg,neg,neg,neg,pos,neg,neg,null,null,null,null,null,null,null,null,null,null,null,null,null,null,null,null,null,null,null,null,null,null,null,null,null,null,null,null,null,null,null,null,null,null,null,null,null,null,null,null,pos,pos,pos,neg,pos,pos,pos,pos,pos,pos,neg,neg,neg,neg,neg,neg,neg,pos,neg,neg,64ecd4a1d80e64f62fef27ea,60e84d936799d99dc6d8920b,APPROVED,2023-08-28T17:09:05.225000Z,2023-08-28T17:26:11.839000Z,2023-08-29T14:24:47.999000,2023-08-28T17:26:12.345535Z,1027,CUDW63K0,107,English,24,Female,Black,South Africa,South Africa,South Africa,English,DATA_EXPIRED,DATA_EXPIRED,pos,1,1,0,0,0,0,1,pos,1,1,0,0,0,0,1,pos,1,1,0,0,0,0,1,neg,0,0,0,0,0,0,1,pos,1,1,0,0,0,0,1,pos,1,1,0,0,0,0,1,pos,1,1,0,0,0,0,1,pos,1,1,0,0,0,0,1,pos,1,1,0,0,0,0,1,pos,1,1,0,0,0,0,1,neg,1,1,0,0,0,0,1,neg,1,1,0,0,0,0,0,neg,1,1,0,0,0,0,1,neg,1,1,0,0,0,0,1,neg,1,1,0,0,0,0,1,neg,1,1,0,0,0,0,1,neg,1,1,0,0,0,0,1,pos,0,0,0,0,0,0,1,neg,1,1,0,0,0,0,1,neg,1,1,0,0,0,0,1,18,18,0,0,0,0,19
66,609,1,89624,21,male,high school,61210f4b4275994c55f2c16f,2002,pos,pos,pos,neg,pos,pos,pos,pos,pos,pos,neg,neg,neg,neg,neg,neg,neg,neg,neg,neg,pos,pos,pos,neg,pos,pos,pos,pos,pos,pos,neg,neg,neg,neg,neg,neg,neg,neg,neg,neg,null,null,null,null,null,null,null,null,null,null,null,null,null,null,null,null,null,null,null,null,null,null,null,null,null,null,null,null,null,null,null,null,null,null,null,null,null,null,null,null,64ecd4cf2e1d02e86aff3d5b,61210f4b4275994c55f2c16f,APPROVED,2023-08-28T17:09:40.839000Z,2023-08-28T17:20:11.326000Z,2023-08-29T14:24:39.716000,2023-08-28T17:20:11.977836Z,631,CUDW63K0,316,"Dutch, English",21,Male,White,Netherlands,Belgium,Belgium,Dutch,Yes,Unemployed (and job seeking),pos,1,1,0,0,0,0,1,pos,1,1,0,0,0,0,1,pos,1,1,0,0,0,0,1,neg,0,0,0,0,0,0,1,pos,1,1,0,0,0,0,1,pos,1,1,0,0,0,0,1,pos,1,1,0,0,0,0,1,pos,1,1,0,0,0,0,1,pos,1,1,0,0,0,0,1,pos,1,1,0,0,0,0,1,neg,1,1,0,0,0,0,1,neg,1,1,0,0,0,0,0,neg,1,1,0,0,0,0,1,neg,1,1,0,0,0,0,1,neg,1,1,0,0,0,0,1,neg,1,1,0,0,0,0,1,neg,1,1,0,0,0,0,1,neg,1,1,0,0,0,0,0,neg,1,1,0,0,0,0,1,neg,1,1,0,0,0,0,1,19,19,0,0,0,0,18
70,1398,3,86624,24,female,bachelor,5e6449ae5932461d728d2152,1999,pos,pos,pos,neg,pos,pos,pos,pos,pos,pos,neg,pos,neg,neg,neg,neg,neg,neg,neg,neg,null,null,null,null,null,null,null,null,null,null,null,null,null,null,null,null,null,null,null,null,null,null,null,null,null,null,null,null,null,null,null,null,null,null,null,null,null,null,null,null,pos,pos,pos,neg,pos,pos,pos,pos,pos,pos,neg,pos,neg,neg,neg,neg,neg,neg,neg,neg,64ecd4c44970c725ede82520,5e6449ae5932461d728d2152,APPROVED,2023-08-28T17:09:41.161000Z,2023-08-28T17:33:31.992000Z,2023-08-29T14:24:48.973000,2023-08-28T17:33:43.472541Z,1431,CUDW63K0,791,English,24,Female,Mixed,Canada,Canada,Canada,English,DATA_EXPIRED,DATA_EXPIRED,pos,1,1,0,0,0,0,1,pos,1,1,0,0,0,0,1,pos,1,1,0,0,0,0,1,neg,0,0,0,0,0,0,1,pos,1,1,0,0,0,0,1,pos,1,1,0,0,0,0,1,pos,1,1,0,0,0,0,1,pos,1,1,0,0,0,0,1,pos,1,1,0,0,0,0,1,pos,1,1,0,0,0,0,1,neg,1,1,0,0,0,0,1,pos,0,0,0,0,0,0,1,neg,1,1,0,0,0,0,1,neg,1,1,0,0,0,0,1,neg,1,1,0,0,0,0,1,neg,1,1,0,0,0,0,1,neg,1,1,0,0,0,0,1,neg,1,1,0,0,0,0,0,neg,1,1,0,0,0,0,1,neg,1,1,0,0,0,0,1,18,18,0,0,0,0,19
72,799,1,86524,25,female,master,60fd3073f71ec0f0c6adfdc9,1997,pos,pos,pos,pos,pos,pos,pos,pos,pos,pos,neg,neg,neg,neg,neg,neg,neg,neg,neg,neg,pos,pos,pos,pos,pos,pos,pos,pos,pos,pos,neg,neg,neg,neg,neg,neg,neg,neg,neg,neg,null,null,null,null,null,null,null,null,null,null,null,null,null,null,null,null,null,null,null,null,null,null,null,null,null,null,null,null,null,null,null,null,null,null,null,null,null,null,null,null,64ecd49e34685cb5d3ea69d4,60fd3073f71ec0f0c6adfdc9,APPROVED,2023-08-28T17:09:45.291000Z,2023-08-28T17:23:32.860000Z,2023-08-29T14:24:47.866000,2023-08-28T17:23:33.571484Z,828,CUDW63K0,104,"English, Portuguese",25,Female,White,Switzerland,Portugal,Portugal,Portuguese,No,Full-Time,pos,1,1,0,0,0,0,1,pos,1,1,0,0,0,0,1,pos,1,1,0,0,0,0,1,pos,1,1,0,0,0,0,0,pos,1,1,0,0,0,0,1,pos,1,1,0,0,0,0,1,pos,1,1,0,0,0,0,1,pos,1,1,0,0,0,0,1,pos,1,1,0,0,0,0,1,pos,1,1,0,0,0,0,1,neg,1,1,0,0,0,0,1,neg,1,1,0,0,0,0,0,neg,1,1,0,0,0,0,1,neg,1,1,0,0,0,0,1,neg,1,1,0,0,0,0,1,neg,1,1,0,0,0,0,1,neg,1,1,0,0,0,0,1,neg,1,1,0,0,0,0,0,neg,1,1,0,0,0,0,1,neg,1,1,0,0,0,0,1,20,20,0,0,0,0,17
82,1064,1,89549,25,male,master,5e823b35726b2a9508db127c,1998,pos,pos,pos,neg,pos,pos,pos,pos,pos,pos,neg,neg,neg,pos,neg,neg,neg,neg,pos,neg,pos,pos,pos,neg,pos,pos,pos,pos,pos,pos,neg,neg,neg,pos,neg,neg,neg,neg,pos,neg,null,null,null,null,null,null,null,null,null,null,null,null,null,null,null,null,null,null,null,null,null,null,null,null,null,null,null,null,null,null,null,null,null,null,null,null,null,null,null,null,64ecd4dde3a5f7600a0bad7c,5e823b35726b2a9508db127c,APPROVED,2023-08-28T17:09:54.694000Z,2023-08-28T17:29:36.369000Z,2023-08-29T14:24:40.237000,2023-08-28T17:29:36.945869Z,1182,CUDW63K0,604,"English, Italian",25,Male,White,Italy,Switzerland,Italy,Italian,Yes,Part-Time,pos,1,1,0,0,0,0,1,pos,1,1,0,0,0,0,1,pos,1,1,0,0,0,0,1,neg,0,0,0,0,0,0,1,pos,1,1,0,0,0,0,1,pos,1,1,0,0,0,0,1,pos,1,1,0,0,0,0,1,pos,1,1,0,0,0,0,1,pos,1,1,0,0,0,0,1,pos,1,1,0,0,0,0,1,neg,1,1,0,0,0,0,1,neg,1,1,0,0,0,0,0,neg,1,1,0,0,0,0,1,pos,0,0,0,0,0,0,0,neg,1,1,0,0,0,0,1,neg,1,1,0,0,0,0,1,neg,1,1,0,0,0,0,1,neg,1,1,0,0,0,0,0,pos,0,0,0,0,0,0,0,neg,1,1,0,0,0,0,1,17,17,0,0,0,0,16
83,2633,2,85377,26,male,bachelor,6475ff9e12b4b23f18f4503c,1997,pos,pos,pos,pos,pos,pos,pos,pos,pos,pos,neg,neg,neg,neg,neg,pos,neg,pos,neg,neg,null,null,null,null,null,null,null,null,null,null,null,null,null,null,null,null,null,null,null,null,pos,pos,pos,pos,pos,pos,pos,pos,pos,pos,neg,pos,neg,neg,neg,neg,neg,pos,neg,neg,null,null,null,null,null,null,null,null,null,null,null,null,null,null,null,null,null,null,null,null,64ecd4e46611f6c65a220d9a,6475ff9e12b4b23f18f4503c,APPROVED,2023-08-28T17:10:07.162000Z,2023-08-28T17:56:09.582000Z,2023-08-29T14:24:40.515000,2023-08-28T17:56:10.217692Z,2763,CUDW63K0,54,English,26,Male,Black,South Africa,South Africa,South Africa,English,No,Part-Time,pos,1,1,0,0,0,0,1,pos,1,1,0,0,0,0,1,pos,1,1,0,0,0,0,1,pos,1,1,0,0,0,0,0,pos,1,1,0,0,0,0,1,pos,1,1,0,0,0,0,1,pos,1,1,0,0,0,0,1,pos,1,1,0,0,0,0,1,pos,1,1,0,0,0,0,1,pos,1,1,0,0,0,0,1,neg,1,1,0,0,0,0,1,pos,0,1,1,1,0,1,1,neg,1,1,0,0,0,0,1,neg,1,1,0,0,0,0,1,neg,1,1,0,0,0,0,1,neg,1,0,1,1,1,0,1,neg,1,1,0,0,0,0,1,pos,0,0,0,0,0,0,1,neg,1,1,0,0,0,0,1,neg,1,1,0,0,0,0,1,18,18,2,2,1,1,19
81,2046,3,85777,44,male,bachelor,64dfa1dc93d636aac1247e2a,1979,pos,pos,pos,neg,pos,pos,pos,pos,pos,pos,neg,neg,neg,neg,neg,neg,neg,neg,neg,neg,null,null,null,null,null,null,null,null,null,null,null,null,null,null,null,null,null,null,null,null,null,null,null,null,null,null,null,null,null,null,null,null,null,null,null,null,null,null,null,null,pos,pos,pos,neg,pos,pos,pos,pos,pos,pos,neg,neg,neg,neg,neg,neg,neg,neg,neg,neg,64ecd4eeb485faa37599b048,64dfa1dc93d636aac1247e2a,APPROVED,2023-08-28T17:10:14.584000Z,2023-08-28T17:45:47.876000Z,2023-08-29T14:24:40.797000,2023-08-28T17:46:09.066632Z,2134,CUDW63K0,4,"English, Afrikaans",44,Male,Mixed,South Africa,South Africa,South Africa,English,No,Full-Time,pos,1,1,0,0,0,0,1,pos,1,1,0,0,0,0,1,pos,1,1,0,0,0,0,1,neg,0,0,0,0,0,0,1,pos,1,1,0,0,0,0,1,pos,1,1,0,0,0,0,1,pos,1,1,0,0,0,0,1,pos,1,1,0,0,0,0,1,pos,1,1,0,0,0,0,1,pos,1,1,0,0,0,0,1,neg,1,1,0,0,0,0,1,neg,1,1,0,0,0,0,0,neg,1,1,0,0,0,0,1,neg,1,1,0,0,0,0,1,neg,1,1,0,0,0,0,1,neg,1,1,0,0,0,0,1,neg,1,1,0,0,0,0,1,neg,1,1,0,0,0,0,0,neg,1,1,0,0,0,0,1,neg,1,1,0,0,0,0,1,19,19,0,0,0,0,18
78,-1,3,85827,34,male,master,60e9a292a9d555f5b7adee9e,1989,pos,pos,pos,neg,pos,pos,pos,pos,pos,pos,neg,neg,neg,neg,neg,neg,neg,neg,neg,neg,null,null,null,null,null,null,null,null,null,null,null,null,null,null,null,null,null,null,null,null,null,null,null,null,null,null,null,null,null,null,null,null,null,null,null,null,null,null,null,null,pos,pos,pos,neg,pos,pos,pos,pos,pos,pos,neg,neg,neg,neg,neg,neg,neg,neg,neg,neg,64ecd4ecfe91837fca5a349d,60e9a292a9d555f5b7adee9e,APPROVED,2023-08-28T17:10:10.286000Z,2023-08-29T14:28:15.206000Z,2023-08-29T14:28:15.882000Z,,76685,Manual Completion,51,"English, Italian",33,Male,White,Italy,Italy,Italy,Italian,No,Full-Time,pos,1,1,0,0,0,0,1,pos,1,1,0,0,0,0,1,pos,1,1,0,0,0,0,1,neg,0,0,0,0,0,0,1,pos,1,1,0,0,0,0,1,pos,1,1,0,0,0,0,1,pos,1,1,0,0,0,0,1,pos,1,1,0,0,0,0,1,pos,1,1,0,0,0,0,1,pos,1,1,0,0,0,0,1,neg,1,1,0,0,0,0,1,neg,1,1,0,0,0,0,0,neg,1,1,0,0,0,0,1,neg,1,1,0,0,0,0,1,neg,1,1,0,0,0,0,1,neg,1,1,0,0,0,0,1,neg,1,1,0,0,0,0,1,neg,1,1,0,0,0,0,0,neg,1,1,0,0,0,0,1,neg,1,1,0,0,0,0,1,19,19,0,0,0,0,18
80,1322,1,89734,20,male,master,613e9c495a04cf491311066a,2002,pos,pos,pos,neg,pos,pos,pos,pos,pos,pos,neg,pos,neg,neg,neg,neg,neg,neg,neg,pos,pos,pos,pos,neg,pos,pos,pos,pos,pos,pos,neg,pos,neg,neg,neg,neg,neg,neg,neg,pos,null,null,null,null,null,null,null,null,null,null,null,null,null,null,null,null,null,null,null,null,null,null,null,null,null,null,null,null,null,null,null,null,null,null,null,null,null,null,null,null,64ecd4d23b74e67e4d5a34da,613e9c495a04cf491311066a,APPROVED,2023-08-28T17:11:06.017000Z,2023-08-28T17:33:38.878000Z,2023-08-29T14:24:39.977000,2023-08-28T17:33:45.013737Z,1353,CUDW63K0,177,"Spanish, English",20,Male,White,Mexico,Mexico,Mexico,Spanish,Yes,Unemployed (and job seeking),pos,1,1,0,0,0,0,1,pos,1,1,0,0,0,0,1,pos,1,1,0,0,0,0,1,neg,0,0,0,0,0,0,1,pos,1,1,0,0,0,0,1,pos,1,1,0,0,0,0,1,pos,1,1,0,0,0,0,1,pos,1,1,0,0,0,0,1,pos,1,1,0,0,0,0,1,pos,1,1,0,0,0,0,1,neg,1,1,0,0,0,0,1,pos,0,0,0,0,0,0,1,neg,1,1,0,0,0,0,1,neg,1,1,0,0,0,0,1,neg,1,1,0,0,0,0,1,neg,1,1,0,0,0,0,1,neg,1,1,0,0,0,0,1,neg,1,1,0,0,0,0,0,neg,1,1,0,0,0,0,1,pos,0,0,0,0,0,0,0,17,17,0,0,0,0,18
84,308,3,89644,23,male,bachelor,611ce3f6bc34fda22516905d,2000,pos,pos,pos,neg,neg,pos,neg,pos,neg,pos,neg,pos,pos,pos,neg,neg,pos,neg,pos,pos,null,null,null,null,null,null,null,null,null,null,null,null,null,null,null,null,null,null,null,null,null,null,null,null,null,null,null,null,null,null,null,null,null,null,null,null,null,null,null,null,pos,pos,pos,neg,neg,pos,neg,pos,neg,pos,neg,pos,neg,pos,neg,neg,pos,pos,pos,neg,64ecd4f17481cf6ea8315f9d,611ce3f6bc34fda22516905d,APPROVED,2023-08-28T17:11:19.683000Z,2023-08-28T17:17:38.477000Z,2023-08-29T14:24:41.072000,2023-08-28T17:17:39.396121Z,379,CUDW63K0,116,"English, Other",23,Male,Black,South Africa,South Africa,South Africa,Other,Yes,Unemployed (and job seeking),pos,1,1,0,0,0,0,1,pos,1,1,0,0,0,0,1,pos,1,1,0,0,0,0,1,neg,0,0,0,0,0,0,1,neg,0,0,0,0,0,0,0,pos,1,1,0,0,0,0,1,neg,0,0,0,0,0,0,0,pos,1,1,0,0,0,0,1,neg,0,0,0,0,0,0,0,pos,1,1,0,0,0,0,1,neg,1,1,0,0,0,0,1,pos,0,0,0,0,0,0,1,neg,1,0,1,1,1,0,1,pos,0,0,0,0,0,0,0,neg,1,1,0,0,0,0,1,neg,1,1,0,0,0,0,1,pos,0,0,0,0,0,0,0,pos,0,1,1,1,0,1,1,pos,0,0,0,0,0,0,0,neg,1,0,1,1,1,0,1,11,10,3,3,2,1,14
86,869,1,82097,21,female,master,6066605f771a5f6a09a9d171,2001,pos,pos,pos,neg,pos,pos,pos,pos,pos,pos,neg,neg,neg,neg,neg,neg,neg,neg,neg,neg,pos,pos,pos,neg,pos,pos,pos,pos,pos,pos,neg,neg,neg,neg,neg,neg,neg,neg,neg,neg,null,null,null,null,null,null,null,null,null,null,null,null,null,null,null,null,null,null,null,null,null,null,null,null,null,null,null,null,null,null,null,null,null,null,null,null,null,null,null,null,64ecd492f902e9699bf45a1a,6066605f771a5f6a09a9d171,APPROVED,2023-08-28T17:12:21.111000Z,2023-08-28T17:27:21.773000Z,2023-08-29T14:24:47.587000,2023-08-28T17:27:22.517319Z,901,CUDW63K0,157,"English, Portuguese, Spanish",21,Female,White,Portugal,Portugal,Portugal,Portuguese,Yes,Full-Time,pos,1,1,0,0,0,0,1,pos,1,1,0,0,0,0,1,pos,1,1,0,0,0,0,1,neg,0,0,0,0,0,0,1,pos,1,1,0,0,0,0,1,pos,1,1,0,0,0,0,1,pos,1,1,0,0,0,0,1,pos,1,1,0,0,0,0,1,pos,1,1,0,0,0,0,1,pos,1,1,0,0,0,0,1,neg,1,1,0,0,0,0,1,neg,1,1,0,0,0,0,0,neg,1,1,0,0,0,0,1,neg,1,1,0,0,0,0,1,neg,1,1,0,0,0,0,1,neg,1,1,0,0,0,0,1,neg,1,1,0,0,0,0,1,neg,1,1,0,0,0,0,0,neg,1,1,0,0,0,0,1,neg,1,1,0,0,0,0,1,19,19,0,0,0,0,18
85,998,3,80041,24,female,bachelor,5cf7a256c94ea5001ace5892,1999,pos,pos,pos,neg,pos,pos,pos,pos,pos,pos,neg,neg,neg,pos,neg,neg,neg,neg,neg,neg,null,null,null,null,null,null,null,null,null,null,null,null,null,null,null,null,null,null,null,null,null,null,null,null,null,null,null,null,null,null,null,null,null,null,null,null,null,null,null,null,pos,pos,pos,neg,pos,pos,pos,pos,pos,pos,neg,neg,neg,neg,neg,neg,neg,neg,neg,neg,64ecd4311389e06599b7c69c,5cf7a256c94ea5001ace5892,APPROVED,2023-08-28T17:07:46.746000Z,2023-08-28T17:29:30.259000Z,2023-08-29T14:24:44.920000,2023-08-28T17:29:31.035543Z,1304,CUDW63K0,68,English,24,Female,Black,Zimbabwe,South Africa,South Africa,English,No,Unemployed (and job seeking),pos,1,1,0,0,0,0,1,pos,1,1,0,0,0,0,1,pos,1,1,0,0,0,0,1,neg,0,0,0,0,0,0,1,pos,1,1,0,0,0,0,1,pos,1,1,0,0,0,0,1,pos,1,1,0,0,0,0,1,pos,1,1,0,0,0,0,1,pos,1,1,0,0,0,0,1,pos,1,1,0,0,0,0,1,neg,1,1,0,0,0,0,1,neg,1,1,0,0,0,0,0,neg,1,1,0,0,0,0,1,neg,1,0,1,1,1,0,1,neg,1,1,0,0,0,0,1,neg,1,1,0,0,0,0,1,neg,1,1,0,0,0,0,1,neg,1,1,0,0,0,0,0,neg,1,1,0,0,0,0,1,neg,1,1,0,0,0,0,1,19,18,1,1,1,0,18
87,900,2,83596,24,female,bachelor,60b8b246724192f75f1bde20,1999,pos,pos,pos,neg,pos,pos,pos,pos,pos,pos,neg,neg,neg,neg,neg,pos,neg,neg,neg,neg,null,null,null,null,null,null,null,null,null,null,null,null,null,null,null,null,null,null,null,null,pos,pos,pos,neg,pos,pos,pos,pos,pos,pos,neg,neg,neg,neg,neg,pos,neg,neg,neg,neg,null,null,null,null,null,null,null,null,null,null,null,null,null,null,null,null,null,null,null,null,64ecd6318e32ad6cbb87b868,60b8b246724192f75f1bde20,APPROVED,2023-08-28T17:15:34.332000Z,2023-08-28T17:30:52.454000Z,2023-08-29T14:24:49.108000,2023-08-28T17:30:53.611372Z,919,CUDW63K0,233,"Portuguese, English",24,Female,White,Portugal,Portugal,Portugal,Portuguese,Yes,Other,pos,1,1,0,0,0,0,1,pos,1,1,0,0,0,0,1,pos,1,1,0,0,0,0,1,neg,0,0,0,0,0,0,1,pos,1,1,0,0,0,0,1,pos,1,1,0,0,0,0,1,pos,1,1,0,0,0,0,1,pos,1,1,0,0,0,0,1,pos,1,1,0,0,0,0,1,pos,1,1,0,0,0,0,1,neg,1,1,0,0,0,0,1,neg,1,1,0,0,0,0,0,neg,1,1,0,0,0,0,1,neg,1,1,0,0,0,0,1,neg,1,1,0,0,0,0,1,pos,0,0,0,0,0,0,0,neg,1,1,0,0,0,0,1,neg,1,1,0,0,0,0,0,neg,1,1,0,0,0,0,1,neg,1,1,0,0,0,0,1,18,18,0,0,0,0,17
88,596,1,87506,26,female,master,6041d51ff984371e3b18172d,1997,pos,pos,pos,pos,pos,pos,pos,pos,pos,pos,neg,neg,neg,neg,neg,neg,neg,pos,neg,neg,pos,pos,pos,pos,pos,pos,pos,pos,pos,pos,neg,neg,neg,neg,neg,neg,neg,pos,neg,neg,null,null,null,null,null,null,null,null,null,null,null,null,null,null,null,null,null,null,null,null,null,null,null,null,null,null,null,null,null,null,null,null,null,null,null,null,null,null,null,null,64ecd4b9476a8cfdd8639461,6041d51ff984371e3b18172d,APPROVED,2023-08-28T17:09:13.080000Z,2023-08-28T17:26:34.768000Z,2023-08-29T14:24:48.696000,2023-08-28T17:26:36.967457Z,1042,CUDW63K0,553,"English, German",26,Female,White,United States,Netherlands,United States,English,No,Unemployed (and job seeking),pos,1,1,0,0,0,0,1,pos,1,1,0,0,0,0,1,pos,1,1,0,0,0,0,1,pos,1,1,0,0,0,0,0,pos,1,1,0,0,0,0,1,pos,1,1,0,0,0,0,1,pos,1,1,0,0,0,0,1,pos,1,1,0,0,0,0,1,pos,1,1,0,0,0,0,1,pos,1,1,0,0,0,0,1,neg,1,1,0,0,0,0,1,neg,1,1,0,0,0,0,0,neg,1,1,0,0,0,0,1,neg,1,1,0,0,0,0,1,neg,1,1,0,0,0,0,1,neg,1,1,0,0,0,0,1,neg,1,1,0,0,0,0,1,pos,0,0,0,0,0,0,1,neg,1,1,0,0,0,0,1,neg,1,1,0,0,0,0,1,19,19,0,0,0,0,18
90,1037,3,89159,29,female,master,6139f08d5ad17f719138935f,1994,pos,pos,pos,pos,pos,pos,pos,pos,pos,pos,neg,neg,neg,neg,neg,neg,neg,neg,neg,neg,null,null,null,null,null,null,null,null,null,null,null,null,null,null,null,null,null,null,null,null,null,null,null,null,null,null,null,null,null,null,null,null,null,null,null,null,null,null,null,null,pos,pos,pos,pos,pos,pos,pos,pos,pos,pos,neg,neg,neg,neg,neg,neg,neg,neg,neg,neg,64ecd70c74ce545566727472,6139f08d5ad17f719138935f,APPROVED,2023-08-28T17:19:08.081000Z,2023-08-28T17:36:54.798000Z,2023-08-29T14:24:49.257000,2023-08-28T17:37:09.073580Z,1067,CUDW63K0,411,"Catalan, English, Spanish",29,Female,White,Spain,France,Spain,Spanish,DATA_EXPIRED,DATA_EXPIRED,pos,1,1,0,0,0,0,1,pos,1,1,0,0,0,0,1,pos,1,1,0,0,0,0,1,pos,1,1,0,0,0,0,0,pos,1,1,0,0,0,0,1,pos,1,1,0,0,0,0,1,pos,1,1,0,0,0,0,1,pos,1,1,0,0,0,0,1,pos,1,1,0,0,0,0,1,pos,1,1,0,0,0,0,1,neg,1,1,0,0,0,0,1,neg,1,1,0,0,0,0,0,neg,1,1,0,0,0,0,1,neg,1,1,0,0,0,0,1,neg,1,1,0,0,0,0,1,neg,1,1,0,0,0,0,1,neg,1,1,0,0,0,0,1,neg,1,1,0,0,0,0,0,neg,1,1,0,0,0,0,1,neg,1,1,0,0,0,0,1,20,20,0,0,0,0,17
91,1641,1,83328,20,female,high school,61041810b20dd7b644737b8a,2003,pos,pos,pos,neg,pos,pos,pos,pos,pos,pos,neg,neg,neg,pos,neg,neg,neg,neg,neg,neg,pos,pos,pos,neg,pos,pos,pos,pos,pos,pos,neg,pos,neg,neg,neg,neg,neg,pos,neg,neg,null,null,null,null,null,null,null,null,null,null,null,null,null,null,null,null,null,null,null,null,null,null,null,null,null,null,null,null,null,null,null,null,null,null,null,null,null,null,null,null,64ecd42e5f0152e60103f4be,61041810b20dd7b644737b8a,APPROVED,2023-08-28T17:16:10.932000Z,2023-08-28T17:50:29.599000Z,2023-08-29T14:24:44.140000,2023-08-28T17:50:33.481893Z,2059,CUDW63K0,87,English,20,Female,Black,South Africa,South Africa,South Africa,English,DATA_EXPIRED,DATA_EXPIRED,pos,1,1,0,0,0,0,1,pos,1,1,0,0,0,0,1,pos,1,1,0,0,0,0,1,neg,0,0,0,0,0,0,1,pos,1,1,0,0,0,0,1,pos,1,1,0,0,0,0,1,pos,1,1,0,0,0,0,1,pos,1,1,0,0,0,0,1,pos,1,1,0,0,0,0,1,pos,1,1,0,0,0,0,1,neg,1,1,0,0,0,0,1,pos,0,1,1,1,0,1,1,neg,1,1,0,0,0,0,1,neg,1,0,1,1,1,0,1,neg,1,1,0,0,0,0,1,neg,1,1,0,0,0,0,1,neg,1,1,0,0,0,0,1,pos,0,1,1,1,0,1,1,neg,1,1,0,0,0,0,1,neg,1,1,0,0,0,0,1,17,18,3,3,1,2,20
96,981,3,84999,36,female,bachelor,611a78efa6c36a674dc40cc6,1987,pos,pos,pos,pos,pos,pos,pos,pos,pos,pos,neg,neg,neg,neg,neg,neg,neg,neg,neg,neg,null,null,null,null,null,null,null,null,null,null,null,null,null,null,null,null,null,null,null,null,null,null,null,null,null,null,null,null,null,null,null,null,null,null,null,null,null,null,null,null,pos,pos,pos,pos,pos,pos,pos,pos,pos,pos,neg,neg,neg,neg,neg,neg,neg,neg,neg,neg,64ece0b817bfedb212d9d2f5,611a78efa6c36a674dc40cc6,APPROVED,2023-08-28T18:00:24.734000Z,2023-08-28T18:18:28.398000Z,2023-08-29T14:24:49.711000,2023-08-28T18:18:33.649434Z,1084,CUDW63K0,420,"English, Polish",36,Female,White,Poland,Poland,Poland,Polish,No,Unemployed (and job seeking),pos,1,1,0,0,0,0,1,pos,1,1,0,0,0,0,1,pos,1,1,0,0,0,0,1,pos,1,1,0,0,0,0,0,pos,1,1,0,0,0,0,1,pos,1,1,0,0,0,0,1,pos,1,1,0,0,0,0,1,pos,1,1,0,0,0,0,1,pos,1,1,0,0,0,0,1,pos,1,1,0,0,0,0,1,neg,1,1,0,0,0,0,1,neg,1,1,0,0,0,0,0,neg,1,1,0,0,0,0,1,neg,1,1,0,0,0,0,1,neg,1,1,0,0,0,0,1,neg,1,1,0,0,0,0,1,neg,1,1,0,0,0,0,1,neg,1,1,0,0,0,0,0,neg,1,1,0,0,0,0,1,neg,1,1,0,0,0,0,1,20,20,0,0,0,0,17
95,881,1,85000,35,male,master,5f913cbf314c3d000982e130,1988,pos,pos,pos,pos,pos,pos,pos,pos,pos,pos,neg,neg,neg,neg,neg,neg,neg,neg,neg,neg,pos,pos,pos,pos,pos,pos,pos,pos,pos,pos,neg,pos,neg,neg,neg,neg,neg,neg,neg,neg,null,null,null,null,null,null,null,null,null,null,null,null,null,null,null,null,null,null,null,null,null,null,null,null,null,null,null,null,null,null,null,null,null,null,null,null,null,null,null,null,64ece0af2c3f49122b3c7f8b,5f913cbf314c3d000982e130,APPROVED,2023-08-28T18:00:27.062000Z,2023-08-28T18:16:37.162000Z,2023-08-29T14:24:41.352000,2023-08-28T18:16:41.305927Z,971,CUDW63K0,98,"Finnish, English, Arabic, Hebrew, French",DATA_EXPIRED,Male,White,France,Finland,Finland,DATA_EXPIRED,DATA_EXPIRED,Part-Time,pos,1,1,0,0,0,0,1,pos,1,1,0,0,0,0,1,pos,1,1,0,0,0,0,1,pos,1,1,0,0,0,0,0,pos,1,1,0,0,0,0,1,pos,1,1,0,0,0,0,1,pos,1,1,0,0,0,0,1,pos,1,1,0,0,0,0,1,pos,1,1,0,0,0,0,1,pos,1,1,0,0,0,0,1,neg,1,1,0,0,0,0,1,pos,0,1,1,1,0,1,1,neg,1,1,0,0,0,0,1,neg,1,1,0,0,0,0,1,neg,1,1,0,0,0,0,1,neg,1,1,0,0,0,0,1,neg,1,1,0,0,0,0,1,neg,1,1,0,0,0,0,0,neg,1,1,0,0,0,0,1,neg,1,1,0,0,0,0,1,19,20,1,1,0,1,18
94,985,2,89824,38,female,bachelor,5f2f62bb956a3f34b614a33f,1985,pos,pos,pos,neg,pos,pos,pos,pos,pos,pos,neg,neg,neg,neg,neg,neg,neg,neg,neg,neg,null,null,null,null,null,null,null,null,null,null,null,null,null,null,null,null,null,null,null,null,pos,pos,pos,neg,pos,pos,pos,pos,pos,pos,neg,neg,neg,neg,neg,neg,neg,neg,neg,neg,null,null,null,null,null,null,null,null,null,null,null,null,null,null,null,null,null,null,null,null,64ece0b6972b807dc65a34b3,5f2f62bb956a3f34b614a33f,APPROVED,2023-08-28T18:00:22.774000Z,2023-08-28T18:18:01.345000Z,2023-08-29T14:24:49.398000,2023-08-28T18:18:09.326099Z,1059,CUDW63K0,471,"Spanish, English",38,Female,Mixed,Mexico,Mexico,Mexico,Spanish,Yes,Full-Time,pos,1,1,0,0,0,0,1,pos,1,1,0,0,0,0,1,pos,1,1,0,0,0,0,1,neg,0,0,0,0,0,0,1,pos,1,1,0,0,0,0,1,pos,1,1,0,0,0,0,1,pos,1,1,0,0,0,0,1,pos,1,1,0,0,0,0,1,pos,1,1,0,0,0,0,1,pos,1,1,0,0,0,0,1,neg,1,1,0,0,0,0,1,neg,1,1,0,0,0,0,0,neg,1,1,0,0,0,0,1,neg,1,1,0,0,0,0,1,neg,1,1,0,0,0,0,1,neg,1,1,0,0,0,0,1,neg,1,1,0,0,0,0,1,neg,1,1,0,0,0,0,0,neg,1,1,0,0,0,0,1,neg,1,1,0,0,0,0,1,19,19,0,0,0,0,18
92,1363,2,86443,21,female,high school,64933010b2c7da9cc8cfc175,2002,pos,pos,pos,neg,pos,pos,pos,pos,pos,pos,neg,neg,neg,neg,neg,neg,neg,neg,neg,neg,null,null,null,null,null,null,null,null,null,null,null,null,null,null,null,null,null,null,null,null,pos,pos,pos,neg,pos,pos,pos,pos,pos,pos,neg,neg,neg,neg,neg,neg,neg,neg,neg,neg,null,null,null,null,null,null,null,null,null,null,null,null,null,null,null,null,null,null,null,null,64ece0b70a05ed81f87d861c,64933010b2c7da9cc8cfc175,APPROVED,2023-08-28T18:00:42.264000Z,2023-08-28T18:24:02.259000Z,2023-08-29T14:24:49.569000,2023-08-28T18:24:03.116088Z,1400,CUDW63K0,59,"English, Polish",21,Female,White,Poland,Poland,Poland,Polish,Yes,Other,pos,1,1,0,0,0,0,1,pos,1,1,0,0,0,0,1,pos,1,1,0,0,0,0,1,neg,0,0,0,0,0,0,1,pos,1,1,0,0,0,0,1,pos,1,1,0,0,0,0,1,pos,1,1,0,0,0,0,1,pos,1,1,0,0,0,0,1,pos,1,1,0,0,0,0,1,pos,1,1,0,0,0,0,1,neg,1,1,0,0,0,0,1,neg,1,1,0,0,0,0,0,neg,1,1,0,0,0,0,1,neg,1,1,0,0,0,0,1,neg,1,1,0,0,0,0,1,neg,1,1,0,0,0,0,1,neg,1,1,0,0,0,0,1,neg,1,1,0,0,0,0,0,neg,1,1,0,0,0,0,1,neg,1,1,0,0,0,0,1,19,19,0,0,0,0,18
93,544,3,88034,22,male,high school,64db7c7415584f3d37c938d0,2001,pos,pos,pos,neg,pos,pos,pos,pos,pos,pos,neg,neg,neg,neg,neg,neg,neg,neg,neg,neg,null,null,null,null,null,null,null,null,null,null,null,null,null,null,null,null,null,null,null,null,null,null,null,null,null,null,null,null,null,null,null,null,null,null,null,null,null,null,null,null,pos,pos,pos,neg,pos,pos,pos,pos,pos,pos,neg,neg,neg,neg,neg,neg,neg,neg,neg,neg,64ece0b2c1e25d9afa11b67b,64db7c7415584f3d37c938d0,APPROVED,2023-08-28T18:01:13.974000Z,2023-08-28T18:10:37.060000Z,2023-08-29T14:24:41.625000,2023-08-28T18:10:37.588280Z,564,CUDW63K0,7,"Greek, English",22,Male,White,Greece,Greece,Greece,Greek,Yes,Unemployed (and job seeking),pos,1,1,0,0,0,0,1,pos,1,1,0,0,0,0,1,pos,1,1,0,0,0,0,1,neg,0,0,0,0,0,0,1,pos,1,1,0,0,0,0,1,pos,1,1,0,0,0,0,1,pos,1,1,0,0,0,0,1,pos,1,1,0,0,0,0,1,pos,1,1,0,0,0,0,1,pos,1,1,0,0,0,0,1,neg,1,1,0,0,0,0,1,neg,1,1,0,0,0,0,0,neg,1,1,0,0,0,0,1,neg,1,1,0,0,0,0,1,neg,1,1,0,0,0,0,1,neg,1,1,0,0,0,0,1,neg,1,1,0,0,0,0,1,neg,1,1,0,0,0,0,0,neg,1,1,0,0,0,0,1,neg,1,1,0,0,0,0,1,19,19,0,0,0,0,18
